Target number,Number of guesses
1000,6
1001,5
1002,6
1003,6
1004,6
1005,6
1006,5
1007,6
1008,6
1009,7
1010,5
1011,6
1012,4
1013,5
1014,5
1015,4
1016,5
1017,5
1018,5
1019,7
1020,6
1021,4
1022,3
1023,5
1024,4
1025,3
1026,5
1027,5
1028,6
1029,6
1030,6
1031,5
1032,5
1033,6
1034,3
1035,6
1036,6
1037,6
1038,6
1039,7
1040,6
1041,5
1042,5
1043,5
1044,6
1045,5
1046,6
1047,4
1048,6
1049,7
1050,6
1051,5
1052,4
1053,6
1054,5
1055,7
1056,5
1057,5
1058,5
1059,6
1060,7
1061,6
1062,5
1063,6
1064,5
1065,4
1066,5
1067,6
1068,6
1069,5
1070,6
1071,5
1072,6
1073,6
1074,5
1075,6
1076,5
1077,6
1078,5
1079,7
1080,6
1081,6
1082,6
1083,6
1084,6
1085,6
1086,6
1087,6
1088,7
1089,6
1090,6
1091,6
1092,6
1093,6
1094,7
1095,6
1096,7
1097,7
1098,6
1099,7
1100,5
1101,6
1102,3
1103,4
1104,5
1105,4
1106,4
1107,5
1108,6
1109,6
1110,4
1111,5
1112,4
1113,4
1114,3
1115,5
1116,5
1117,6
1118,5
1119,6
1120,3
1121,4
1122,1
1123,5
1124,5
1125,5
1126,5
1127,5
1128,5
1129,6
1130,4
1131,4
1132,5
1133,5
1134,3
1135,5
1136,6
1137,6
1138,6
1139,6
1140,5
1141,4
1142,5
1143,3
1144,4
1145,5
1146,6
1147,5
1148,5
1149,6
1150,4
1151,5
1152,4
1153,5
1154,5
1155,6
1156,5
1157,5
1158,6
1159,6
1160,5
1161,5
1162,5
1163,5
1164,5
1165,5
1166,6
1167,6
1168,5
1169,6
1170,6
1171,6
1172,5
1173,6
1174,5
1175,5
1176,5
1177,5
1178,5
1179,5
1180,6
1181,5
1182,5
1183,5
1184,5
1185,6
1186,6
1187,6
1188,6
1189,5
1190,6
1191,6
1192,5
1193,6
1194,5
1195,6
1196,6
1197,6
1198,6
1199,6
1200,5
1201,4
1202,4
1203,5
1204,5
1205,5
1206,6
1207,6
1208,6
1209,6
1210,5
1211,4
1212,3
1213,2
1214,5
1215,5
1216,5
1217,5
1218,5
1219,6
1220,5
1221,3
1222,4
1223,2
1224,5
1225,5
1226,4
1227,5
1228,5
1229,5
1230,5
1231,3
1232,3
1233,6
1234,5
1235,5
1236,4
1237,5
1238,5
1239,6
1240,6
1241,4
1242,4
1243,5
1244,6
1245,6
1246,5
1247,6
1248,5
1249,6
1250,5
1251,5
1252,5
1253,5
1254,5
1255,6
1256,6
1257,5
1258,5
1259,6
1260,6
1261,5
1262,5
1263,6
1264,5
1265,6
1266,6
1267,5
1268,5
1269,7
1270,6
1271,5
1272,5
1273,6
1274,6
1275,6
1276,6
1277,6
1278,7
1279,6
1280,6
1281,5
1282,5
1283,5
1284,6
1285,6
1286,6
1287,6
1288,6
1289,6
1290,7
1291,6
1292,6
1293,6
1294,7
1295,7
1296,7
1297,7
1298,6
1299,6
1300,6
1301,5
1302,4
1303,4
1304,4
1305,5
1306,5
1307,6
1308,6
1309,7
1310,5
1311,6
1312,4
1313,6
1314,4
1315,5
1316,4
1317,6
1318,6
1319,7
1320,4
1321,5
1322,5
1323,5
1324,4
1325,5
1326,5
1327,5
1328,5
1329,6
1330,5
1331,6
1332,5
1333,6
1334,5
1335,5
1336,6
1337,5
1338,6
1339,7
1340,4
1341,4
1342,5
1343,5
1344,5
1345,5
1346,6
1347,6
1348,6
1349,6
1350,5
1351,5
1352,5
1353,5
1354,4
1355,6
1356,4
1357,6
1358,6
1359,7
1360,6
1361,5
1362,5
1363,6
1364,5
1365,6
1366,6
1367,6
1368,6
1369,7
1370,6
1371,6
1372,6
1373,6
1374,5
1375,6
1376,6
1377,6
1378,6
1379,6
1380,6
1381,6
1382,5
1383,7
1384,6
1385,6
1386,6
1387,7
1388,6
1389,6
1390,7
1391,7
1392,6
1393,7
1394,6
1395,7
1396,7
1397,7
1398,7
1399,6
1400,6
1401,3
1402,5
1403,6
1404,5
1405,4
1406,6
1407,5
1408,6
1409,6
1410,4
1411,5
1412,4
1413,4
1414,6
1415,5
1416,5
1417,6
1418,6
1419,6
1420,5
1421,5
1422,5
1423,5
1424,5
1425,5
1426,6
1427,6
1428,6
1429,6
1430,6
1431,5
1432,5
1433,5
1434,5
1435,6
1436,5
1437,6
1438,6
1439,6
1440,6
1441,6
1442,5
1443,5
1444,6
1445,6
1446,6
1447,6
1448,6
1449,6
1450,6
1451,6
1452,5
1453,6
1454,5
1455,6
1456,6
1457,6
1458,6
1459,6
1460,7
1461,6
1462,6
1463,6
1464,5
1465,5
1466,6
1467,6
1468,6
1469,7
1470,5
1471,6
1472,6
1473,6
1474,6
1475,6
1476,6
1477,5
1478,7
1479,6
1480,5
1481,6
1482,6
1483,6
1484,6
1485,7
1486,7
1487,6
1488,6
1489,6
1490,7
1491,6
1492,6
1493,6
1494,7
1495,7
1496,7
1497,7
1498,6
1499,6
1500,6
1501,5
1502,4
1503,6
1504,6
1505,6
1506,3
1507,5
1508,6
1509,6
1510,5
1511,6
1512,5
1513,5
1514,6
1515,6
1516,3
1517,5
1518,6
1519,6
1520,5
1521,5
1522,5
1523,6
1524,5
1525,6
1526,5
1527,5
1528,5
1529,6
1530,5
1531,5
1532,5
1533,6
1534,5
1535,6
1536,5
1537,5
1538,6
1539,7
1540,5
1541,5
1542,6
1543,5
1544,5
1545,6
1546,6
1547,6
1548,6
1549,6
1550,6
1551,6
1552,5
1553,6
1554,5
1555,6
1556,6
1557,5
1558,6
1559,7
1560,5
1561,4
1562,5
1563,5
1564,4
1565,6
1566,6
1567,6
1568,6
1569,6
1570,5
1571,6
1572,6
1573,5
1574,6
1575,5
1576,6
1577,6
1578,6
1579,6
1580,5
1581,6
1582,5
1583,7
1584,6
1585,6
1586,6
1587,6
1588,6
1589,6
1590,6
1591,7
1592,6
1593,7
1594,6
1595,7
1596,6
1597,6
1598,6
1599,7
1600,6
1601,6
1602,6
1603,5
1604,5
1605,5
1606,5
1607,6
1608,6
1609,6
1610,5
1611,6
1612,5
1613,6
1614,6
1615,5
1616,6
1617,6
1618,6
1619,7
1620,5
1621,5
1622,5
1623,5
1624,5
1625,5
1626,5
1627,5
1628,5
1629,6
1630,7
1631,5
1632,6
1633,6
1634,6
1635,5
1636,6
1637,6
1638,6
1639,7
1640,6
1641,6
1642,6
1643,6
1644,5
1645,6
1646,6
1647,5
1648,5
1649,7
1650,5
1651,4
1652,5
1653,5
1654,4
1655,6
1656,6
1657,6
1658,6
1659,5
1660,6
1661,6
1662,6
1663,6
1664,6
1665,6
1666,6
1667,7
1668,6
1669,7
1670,6
1671,6
1672,6
1673,6
1674,6
1675,7
1676,6
1677,6
1678,6
1679,6
1680,6
1681,6
1682,5
1683,6
1684,6
1685,5
1686,6
1687,6
1688,6
1689,6
1690,7
1691,6
1692,5
1693,7
1694,7
1695,6
1696,6
1697,6
1698,7
1699,6
1700,6
1701,5
1702,6
1703,6
1704,5
1705,6
1706,5
1707,7
1708,6
1709,7
1710,5
1711,6
1712,6
1713,7
1714,6
1715,6
1716,6
1717,6
1718,6
1719,6
1720,6
1721,5
1722,6
1723,6
1724,6
1725,6
1726,5
1727,6
1728,5
1729,6
1730,6
1731,6
1732,6
1733,7
1734,6
1735,6
1736,6
1737,6
1738,6
1739,6
1740,6
1741,6
1742,6
1743,6
1744,5
1745,6
1746,6
1747,7
1748,6
1749,7
1750,6
1751,5
1752,6
1753,6
1754,6
1755,7
1756,6
1757,6
1758,6
1759,6
1760,6
1761,6
1762,6
1763,6
1764,6
1765,7
1766,6
1767,6
1768,6
1769,7
1770,7
1771,6
1772,6
1773,6
1774,6
1775,7
1776,6
1777,6
1778,6
1779,6
1780,7
1781,5
1782,5
1783,6
1784,6
1785,6
1786,5
1787,6
1788,6
1789,5
1790,6
1791,6
1792,5
1793,7
1794,7
1795,7
1796,7
1797,5
1798,5
1799,6
1800,6
1801,6
1802,5
1803,6
1804,6
1805,6
1806,6
1807,6
1808,6
1809,7
1810,6
1811,6
1812,5
1813,6
1814,7
1815,6
1816,6
1817,6
1818,6
1819,6
1820,5
1821,5
1822,5
1823,6
1824,5
1825,6
1826,6
1827,6
1828,6
1829,6
1830,6
1831,6
1832,6
1833,6
1834,6
1835,7
1836,6
1837,6
1838,7
1839,6
1840,6
1841,6
1842,6
1843,6
1844,6
1845,7
1846,6
1847,6
1848,6
1849,6
1850,6
1851,6
1852,5
1853,6
1854,5
1855,6
1856,6
1857,7
1858,6
1859,6
1860,6
1861,6
1862,6
1863,6
1864,6
1865,6
1866,6
1867,6
1868,7
1869,6
1870,6
1871,6
1872,6
1873,6
1874,7
1875,7
1876,6
1877,6
1878,6
1879,6
1880,7
1881,6
1882,6
1883,6
1884,6
1885,6
1886,6
1887,6
1888,6
1889,6
1890,6
1891,6
1892,6
1893,7
1894,6
1895,6
1896,6
1897,6
1898,6
1899,6
1900,6
1901,6
1902,6
1903,6
1904,7
1905,6
1906,6
1907,7
1908,7
1909,7
1910,6
1911,6
1912,6
1913,7
1914,7
1915,6
1916,6
1917,7
1918,6
1919,6
1920,6
1921,5
1922,6
1923,6
1924,6
1925,6
1926,6
1927,6
1928,6
1929,6
1930,7
1931,6
1932,6
1933,6
1934,6
1935,7
1936,6
1937,7
1938,7
1939,6
1940,7
1941,6
1942,6
1943,6
1944,6
1945,7
1946,7
1947,7
1948,6
1949,6
1950,6
1951,6
1952,6
1953,7
1954,6
1955,7
1956,7
1957,7
1958,7
1959,6
1960,7
1961,6
1962,6
1963,7
1964,6
1965,6
1966,7
1967,7
1968,6
1969,7
1970,7
1971,6
1972,6
1973,6
1974,7
1975,7
1976,7
1977,6
1978,6
1979,6
1980,7
1981,6
1982,6
1983,7
1984,6
1985,6
1986,7
1987,6
1988,6
1989,7
1990,6
1991,6
1992,5
1993,6
1994,6
1995,6
1996,7
1997,7
1998,6
1999,6
2000,6
2001,5
2002,6
2003,6
2004,6
2005,6
2006,5
2007,6
2008,6
2009,7
2010,5
2011,3
2012,5
2013,5
2014,4
2015,5
2016,5
2017,4
2018,6
2019,5
2020,5
2021,4
2022,5
2023,5
2024,4
2025,4
2026,4
2027,5
2028,5
2029,6
2030,6
2031,5
2032,5
2033,6
2034,3
2035,6
2036,6
2037,6
2038,6
2039,7
2040,6
2041,5
2042,4
2043,5
2044,6
2045,5
2046,6
2047,4
2048,6
2049,6
2050,6
2051,5
2052,4
2053,6
2054,5
2055,7
2056,5
2057,5
2058,5
2059,6
2060,7
2061,4
2062,5
2063,6
2064,5
2065,4
2066,5
2067,6
2068,6
2069,5
2070,6
2071,4
2072,5
2073,6
2074,5
2075,6
2076,5
2077,6
2078,5
2079,7
2080,6
2081,5
2082,6
2083,6
2084,6
2085,6
2086,6
2087,6
2088,7
2089,6
2090,6
2091,6
2092,6
2093,6
2094,7
2095,6
2096,7
2097,6
2098,6
2099,7
2100,5
2101,4
2102,4
2103,5
2104,5
2105,5
2106,5
2107,5
2108,5
2109,6
2110,4
2111,4
2112,3
2113,4
2114,5
2115,5
2116,6
2117,5
2118,5
2119,6
2120,4
2121,3
2122,4
2123,4
2124,5
2125,4
2126,5
2127,5
2128,5
2129,6
2130,5
2131,3
2132,3
2133,6
2134,4
2135,6
2136,5
2137,6
2138,6
2139,6
2140,6
2141,4
2142,4
2143,6
2144,5
2145,6
2146,6
2147,6
2148,6
2149,6
2150,5
2151,5
2152,5
2153,6
2154,5
2155,6
2156,3
2157,5
2158,6
2159,6
2160,5
2161,5
2162,5
2163,4
2164,5
2165,4
2166,6
2167,5
2168,5
2169,6
2170,5
2171,5
2172,5
2173,6
2174,5
2175,6
2176,6
2177,6
2178,5
2179,6
2180,6
2181,5
2182,5
2183,6
2184,5
2185,5
2186,6
2187,6
2188,6
2189,6
2190,6
2191,6
2192,6
2193,7
2194,6
2195,6
2196,6
2197,6
2198,6
2199,6
2200,5
2201,3
2202,4
2203,5
2204,5
2205,5
2206,4
2207,5
2208,4
2209,5
2210,3
2211,2
2212,4
2213,5
2214,5
2215,5
2216,4
2217,5
2218,5
2219,5
2220,5
2221,5
2222,5
2223,6
2224,5
2225,5
2226,6
2227,5
2228,6
2229,5
2230,6
2231,5
2232,5
2233,5
2234,4
2235,6
2236,5
2237,6
2238,5
2239,6
2240,6
2241,5
2242,6
2243,4
2244,6
2245,5
2246,5
2247,6
2248,6
2249,5
2250,6
2251,4
2252,5
2253,5
2254,5
2255,5
2256,5
2257,6
2258,5
2259,5
2260,5
2261,5
2262,5
2263,6
2264,6
2265,6
2266,5
2267,5
2268,5
2269,5
2270,5
2271,5
2272,6
2273,5
2274,6
2275,5
2276,5
2277,5
2278,4
2279,4
2280,6
2281,5
2282,6
2283,5
2284,6
2285,5
2286,6
2287,5
2288,5
2289,6
2290,5
2291,5
2292,6
2293,6
2294,6
2295,6
2296,5
2297,6
2298,5
2299,4
2300,6
2301,5
2302,5
2303,4
2304,4
2305,5
2306,5
2307,6
2308,6
2309,7
2310,5
2311,5
2312,4
2313,5
2314,4
2315,4
2316,4
2317,6
2318,5
2319,6
2320,4
2321,5
2322,6
2323,5
2324,2
2325,5
2326,5
2327,6
2328,5
2329,6
2330,5
2331,5
2332,5
2333,6
2334,5
2335,5
2336,6
2337,5
2338,6
2339,7
2340,4
2341,3
2342,3
2343,5
2344,5
2345,5
2346,6
2347,6
2348,6
2349,6
2350,5
2351,4
2352,4
2353,5
2354,4
2355,6
2356,4
2357,6
2358,6
2359,7
2360,6
2361,6
2362,6
2363,6
2364,5
2365,6
2366,6
2367,6
2368,6
2369,7
2370,6
2371,6
2372,6
2373,6
2374,5
2375,6
2376,6
2377,6
2378,6
2379,6
2380,6
2381,6
2382,6
2383,7
2384,6
2385,6
2386,6
2387,7
2388,6
2389,6
2390,7
2391,6
2392,6
2393,7
2394,6
2395,7
2396,7
2397,7
2398,7
2399,6
2400,6
2401,5
2402,4
2403,6
2404,5
2405,4
2406,6
2407,5
2408,6
2409,6
2410,5
2411,4
2412,5
2413,3
2414,5
2415,3
2416,6
2417,6
2418,6
2419,6
2420,5
2421,5
2422,6
2423,4
2424,4
2425,4
2426,6
2427,5
2428,5
2429,6
2430,6
2431,4
2432,3
2433,5
2434,5
2435,6
2436,5
2437,6
2438,6
2439,6
2440,6
2441,5
2442,5
2443,5
2444,6
2445,6
2446,6
2447,6
2448,6
2449,6
2450,6
2451,4
2452,5
2453,6
2454,5
2455,6
2456,6
2457,6
2458,6
2459,6
2460,7
2461,4
2462,5
2463,6
2464,5
2465,5
2466,6
2467,6
2468,6
2469,7
2470,5
2471,6
2472,5
2473,6
2474,6
2475,6
2476,6
2477,5
2478,7
2479,6
2480,5
2481,5
2482,5
2483,6
2484,6
2485,7
2486,7
2487,6
2488,6
2489,6
2490,7
2491,6
2492,6
2493,6
2494,7
2495,7
2496,7
2497,7
2498,6
2499,6
2500,6
2501,5
2502,5
2503,6
2504,6
2505,6
2506,3
2507,5
2508,6
2509,6
2510,5
2511,5
2512,5
2513,4
2514,4
2515,6
2516,5
2517,6
2518,6
2519,6
2520,4
2521,5
2522,6
2523,5
2524,5
2525,6
2526,5
2527,5
2528,6
2529,6
2530,5
2531,4
2532,5
2533,6
2534,5
2535,6
2536,5
2537,5
2538,6
2539,7
2540,5
2541,5
2542,4
2543,5
2544,5
2545,6
2546,6
2547,6
2548,6
2549,6
2550,6
2551,5
2552,6
2553,6
2554,5
2555,6
2556,6
2557,5
2558,6
2559,7
2560,5
2561,6
2562,6
2563,5
2564,4
2565,6
2566,6
2567,6
2568,6
2569,6
2570,5
2571,6
2572,6
2573,5
2574,6
2575,5
2576,6
2577,6
2578,6
2579,6
2580,5
2581,6
2582,6
2583,7
2584,6
2585,6
2586,6
2587,6
2588,6
2589,6
2590,6
2591,6
2592,6
2593,7
2594,6
2595,7
2596,6
2597,6
2598,6
2599,7
2600,6
2601,5
2602,5
2603,5
2604,5
2605,5
2606,5
2607,6
2608,6
2609,6
2610,4
2611,5
2612,5
2613,4
2614,6
2615,5
2616,5
2617,4
2618,4
2619,6
2620,5
2621,5
2622,5
2623,5
2624,5
2625,5
2626,6
2627,6
2628,5
2629,6
2630,7
2631,5
2632,5
2633,6
2634,6
2635,5
2636,6
2637,6
2638,6
2639,7
2640,6
2641,5
2642,5
2643,6
2644,5
2645,6
2646,6
2647,5
2648,5
2649,6
2650,5
2651,6
2652,6
2653,5
2654,4
2655,6
2656,6
2657,6
2658,6
2659,5
2660,6
2661,5
2662,6
2663,6
2664,6
2665,6
2666,6
2667,6
2668,6
2669,7
2670,6
2671,5
2672,5
2673,6
2674,6
2675,7
2676,6
2677,6
2678,6
2679,6
2680,6
2681,4
2682,5
2683,6
2684,6
2685,5
2686,6
2687,6
2688,6
2689,6
2690,7
2691,6
2692,5
2693,7
2694,7
2695,6
2696,6
2697,6
2698,7
2699,6
2700,7
2701,5
2702,6
2703,6
2704,5
2705,6
2706,5
2707,7
2708,6
2709,6
2710,5
2711,5
2712,5
2713,6
2714,6
2715,6
2716,5
2717,5
2718,4
2719,6
2720,6
2721,5
2722,5
2723,6
2724,5
2725,5
2726,5
2727,6
2728,5
2729,5
2730,6
2731,6
2732,5
2733,7
2734,6
2735,6
2736,6
2737,6
2738,6
2739,6
2740,6
2741,6
2742,6
2743,6
2744,5
2745,6
2746,6
2747,7
2748,6
2749,7
2750,6
2751,6
2752,6
2753,6
2754,6
2755,7
2756,6
2757,6
2758,6
2759,6
2760,6
2761,4
2762,6
2763,6
2764,6
2765,7
2766,6
2767,7
2768,6
2769,7
2770,7
2771,5
2772,6
2773,7
2774,6
2775,7
2776,6
2777,6
2778,6
2779,6
2780,7
2781,6
2782,5
2783,6
2784,6
2785,6
2786,5
2787,6
2788,6
2789,5
2790,6
2791,5
2792,6
2793,7
2794,7
2795,7
2796,7
2797,5
2798,5
2799,6
2800,6
2801,5
2802,6
2803,6
2804,6
2805,6
2806,6
2807,6
2808,6
2809,7
2810,5
2811,5
2812,5
2813,5
2814,6
2815,6
2816,5
2817,5
2818,5
2819,5
2820,6
2821,5
2822,5
2823,6
2824,6
2825,6
2826,6
2827,5
2828,6
2829,6
2830,6
2831,6
2832,6
2833,6
2834,6
2835,7
2836,6
2837,6
2838,7
2839,6
2840,6
2841,6
2842,6
2843,6
2844,6
2845,7
2846,6
2847,6
2848,6
2849,6
2850,6
2851,6
2852,6
2853,6
2854,5
2855,6
2856,6
2857,7
2858,6
2859,6
2860,6
2861,5
2862,6
2863,6
2864,6
2865,6
2866,6
2867,6
2868,7
2869,6
2870,6
2871,5
2872,6
2873,6
2874,6
2875,7
2876,6
2877,6
2878,6
2879,6
2880,7
2881,4
2882,6
2883,6
2884,6
2885,6
2886,6
2887,6
2888,6
2889,6
2890,6
2891,5
2892,6
2893,7
2894,6
2895,6
2896,7
2897,6
2898,6
2899,6
2900,6
2901,6
2902,6
2903,6
2904,7
2905,6
2906,6
2907,7
2908,7
2909,7
2910,6
2911,5
2912,6
2913,6
2914,6
2915,6
2916,6
2917,6
2918,6
2919,6
2920,6
2921,5
2922,6
2923,6
2924,6
2925,6
2926,6
2927,6
2928,6
2929,6
2930,7
2931,6
2932,6
2933,6
2934,6
2935,7
2936,6
2937,7
2938,7
2939,6
2940,7
2941,6
2942,6
2943,6
2944,6
2945,7
2946,7
2947,7
2948,6
2949,6
2950,6
2951,6
2952,6
2953,7
2954,6
2955,7
2956,7
2957,7
2958,7
2959,6
2960,7
2961,6
2962,6
2963,7
2964,6
2965,6
2966,7
2967,7
2968,6
2969,7
2970,7
2971,6
2972,6
2973,6
2974,7
2975,7
2976,7
2977,6
2978,6
2979,6
2980,7
2981,6
2982,6
2983,7
2984,6
2985,6
2986,7
2987,6
2988,6
2989,7
2990,6
2991,5
2992,6
2993,6
2994,6
2995,6
2996,7
2997,7
2998,6
2999,6
3000,6
3001,6
3002,6
3003,5
3004,7
3005,7
3006,5
3007,5
3008,5
3009,6
3010,6
3011,5
3012,6
3013,5
3014,4
3015,4
3016,6
3017,6
3018,6
3019,6
3020,6
3021,5
3022,6
3023,5
3024,4
3025,4
3026,6
3027,6
3028,6
3029,6
3030,6
3031,6
3032,6
3033,5
3034,5
3035,7
3036,5
3037,6
3038,5
3039,6
3040,7
3041,3
3042,3
3043,6
3044,7
3045,5
3046,5
3047,5
3048,6
3049,6
3050,6
3051,6
3052,6
3053,6
3054,4
3055,6
3056,5
3057,6
3058,6
3059,6
3060,6
3061,6
3062,6
3063,4
3064,6
3065,5
3066,6
3067,6
3068,6
3069,6
3070,5
3071,6
3072,6
3073,6
3074,4
3075,6
3076,5
3077,3
3078,5
3079,5
3080,6
3081,6
3082,6
3083,6
3084,6
3085,6
3086,6
3087,5
3088,6
3089,6
3090,6
3091,6
3092,6
3093,6
3094,5
3095,7
3096,5
3097,6
3098,7
3099,6
3100,6
3101,5
3102,5
3103,5
3104,6
3105,5
3106,6
3107,5
3108,7
3109,6
3110,5
3111,6
3112,4
3113,5
3114,5
3115,5
3116,6
3117,6
3118,6
3119,7
3120,5
3121,5
3122,5
3123,5
3124,4
3125,4
3126,4
3127,6
3128,5
3129,6
3130,6
3131,6
3132,5
3133,6
3134,6
3135,6
3136,5
3137,5
3138,5
3139,7
3140,5
3141,5
3142,3
3143,5
3144,5
3145,5
3146,6
3147,6
3148,6
3149,6
3150,5
3151,5
3152,4
3153,6
3154,6
3155,6
3156,3
3157,6
3158,6
3159,6
3160,6
3161,6
3162,5
3163,6
3164,6
3165,5
3166,6
3167,6
3168,6
3169,7
3170,6
3171,6
3172,6
3173,6
3174,6
3175,6
3176,6
3177,6
3178,6
3179,6
3180,6
3181,7
3182,5
3183,7
3184,6
3185,6
3186,6
3187,6
3188,6
3189,6
3190,7
3191,7
3192,6
3193,6
3194,6
3195,7
3196,7
3197,7
3198,6
3199,6
3200,6
3201,5
3202,5
3203,5
3204,6
3205,5
3206,6
3207,5
3208,7
3209,6
3210,5
3211,4
3212,4
3213,5
3214,4
3215,4
3216,6
3217,6
3218,6
3219,6
3220,5
3221,4
3222,6
3223,5
3224,4
3225,6
3226,6
3227,5
3228,5
3229,6
3230,6
3231,5
3232,5
3233,6
3234,6
3235,6
3236,5
3237,5
3238,5
3239,7
3240,5
3241,5
3242,3
3243,5
3244,5
3245,5
3246,6
3247,6
3248,6
3249,6
3250,5
3251,5
3252,4
3253,6
3254,6
3255,6
3256,3
3257,6
3258,6
3259,6
3260,6
3261,5
3262,5
3263,6
3264,6
3265,5
3266,6
3267,6
3268,6
3269,7
3270,6
3271,6
3272,5
3273,6
3274,6
3275,6
3276,6
3277,6
3278,6
3279,6
3280,6
3281,5
3282,5
3283,7
3284,6
3285,6
3286,6
3287,6
3288,6
3289,6
3290,7
3291,6
3292,6
3293,6
3294,6
3295,7
3296,7
3297,7
3298,6
3299,6
3300,5
3301,6
3302,6
3303,6
3304,7
3305,6
3306,6
3307,4
3308,6
3309,6
3310,6
3311,6
3312,6
3313,6
3314,5
3315,6
3316,5
3317,5
3318,6
3319,6
3320,6
3321,5
3322,6
3323,6
3324,5
3325,6
3326,5
3327,5
3328,6
3329,6
3330,6
3331,6
3332,6
3333,6
3334,7
3335,6
3336,6
3337,6
3338,5
3339,7
3340,6
3341,6
3342,6
3343,7
3344,6
3345,5
3346,5
3347,5
3348,6
3349,6
3350,6
3351,6
3352,6
3353,6
3354,4
3355,6
3356,4
3357,6
3358,5
3359,6
3360,5
3361,6
3362,6
3363,6
3364,5
3365,6
3366,6
3367,6
3368,6
3369,5
3370,5
3371,6
3372,6
3373,6
3374,6
3375,6
3376,6
3377,6
3378,5
3379,5
3380,6
3381,6
3382,6
3383,6
3384,7
3385,6
3386,6
3387,6
3388,7
3389,5
3390,5
3391,6
3392,6
3393,6
3394,6
3395,7
3396,5
3397,6
3398,6
3399,6
3400,6
3401,4
3402,4
3403,6
3404,6
3405,5
3406,6
3407,6
3408,5
3409,5
3410,5
3411,4
3412,5
3413,6
3414,5
3415,6
3416,5
3417,6
3418,6
3419,6
3420,5
3421,5
3422,5
3423,6
3424,5
3425,6
3426,5
3427,6
3428,6
3429,6
3430,5
3431,5
3432,5
3433,6
3434,6
3435,4
3436,5
3437,6
3438,6
3439,6
3440,5
3441,5
3442,5
3443,6
3444,6
3445,5
3446,6
3447,6
3448,6
3449,6
3450,5
3451,5
3452,5
3453,6
3454,5
3455,4
3456,2
3457,6
3458,6
3459,6
3460,6
3461,6
3462,6
3463,6
3464,6
3465,4
3466,6
3467,5
3468,6
3469,6
3470,6
3471,6
3472,6
3473,6
3474,6
3475,5
3476,6
3477,7
3478,6
3479,5
3480,6
3481,6
3482,6
3483,6
3484,6
3485,5
3486,6
3487,4
3488,6
3489,6
3490,5
3491,6
3492,6
3493,6
3494,6
3495,6
3496,6
3497,5
3498,6
3499,6
3500,6
3501,6
3502,6
3503,7
3504,6
3505,7
3506,5
3507,6
3508,7
3509,6
3510,5
3511,4
3512,4
3513,6
3514,5
3515,6
3516,4
3517,6
3518,6
3519,6
3520,5
3521,6
3522,5
3523,6
3524,5
3525,6
3526,4
3527,6
3528,6
3529,6
3530,7
3531,6
3532,6
3533,7
3534,5
3535,7
3536,5
3537,5
3538,6
3539,6
3540,6
3541,5
3542,5
3543,4
3544,4
3545,6
3546,4
3547,5
3548,5
3549,6
3550,6
3551,6
3552,6
3553,6
3554,6
3555,6
3556,5
3557,6
3558,6
3559,7
3560,5
3561,6
3562,6
3563,5
3564,4
3565,5
3566,5
3567,5
3568,6
3569,7
3570,6
3571,5
3572,5
3573,7
3574,6
3575,7
3576,5
3577,7
3578,6
3579,7
3580,6
3581,6
3582,6
3583,6
3584,6
3585,7
3586,5
3587,5
3588,7
3589,5
3590,7
3591,6
3592,6
3593,6
3594,6
3595,7
3596,6
3597,6
3598,6
3599,7
3600,6
3601,6
3602,6
3603,6
3604,6
3605,6
3606,6
3607,6
3608,6
3609,6
3610,5
3611,5
3612,5
3613,6
3614,6
3615,4
3616,5
3617,6
3618,6
3619,6
3620,5
3621,6
3622,4
3623,6
3624,6
3625,4
3626,5
3627,6
3628,6
3629,6
3630,5
3631,6
3632,6
3633,6
3634,5
3635,6
3636,6
3637,6
3638,6
3639,5
3640,6
3641,6
3642,6
3643,5
3644,5
3645,4
3646,5
3647,6
3648,6
3649,5
3650,5
3651,5
3652,5
3653,5
3654,5
3655,5
3656,5
3657,5
3658,6
3659,5
3660,6
3661,6
3662,6
3663,6
3664,6
3665,6
3666,6
3667,6
3668,6
3669,5
3670,7
3671,6
3672,6
3673,7
3674,6
3675,6
3676,6
3677,7
3678,6
3679,6
3680,5
3681,6
3682,6
3683,6
3684,6
3685,6
3686,6
3687,7
3688,6
3689,5
3690,6
3691,7
3692,7
3693,6
3694,6
3695,7
3696,6
3697,6
3698,6
3699,5
3700,5
3701,6
3702,6
3703,5
3704,6
3705,6
3706,6
3707,4
3708,5
3709,6
3710,6
3711,6
3712,6
3713,6
3714,6
3715,6
3716,6
3717,6
3718,7
3719,7
3720,6
3721,6
3722,6
3723,6
3724,6
3725,6
3726,6
3727,6
3728,7
3729,7
3730,5
3731,6
3732,6
3733,6
3734,6
3735,6
3736,6
3737,5
3738,6
3739,6
3740,5
3741,6
3742,6
3743,6
3744,6
3745,5
3746,5
3747,6
3748,5
3749,6
3750,6
3751,7
3752,7
3753,5
3754,6
3755,6
3756,5
3757,6
3758,4
3759,7
3760,6
3761,6
3762,6
3763,7
3764,6
3765,6
3766,6
3767,7
3768,6
3769,6
3770,5
3771,6
3772,6
3773,6
3774,6
3775,7
3776,7
3777,6
3778,5
3779,6
3780,5
3781,6
3782,6
3783,6
3784,4
3785,5
3786,5
3787,5
3788,6
3789,7
3790,6
3791,7
3792,7
3793,7
3794,6
3795,6
3796,6
3797,6
3798,6
3799,7
3800,6
3801,6
3802,6
3803,5
3804,6
3805,6
3806,6
3807,5
3808,6
3809,6
3810,6
3811,6
3812,5
3813,6
3814,6
3815,7
3816,6
3817,6
3818,7
3819,6
3820,6
3821,6
3822,6
3823,6
3824,6
3825,6
3826,6
3827,6
3828,7
3829,6
3830,6
3831,6
3832,6
3833,6
3834,7
3835,6
3836,6
3837,6
3838,7
3839,7
3840,7
3841,6
3842,6
3843,7
3844,7
3845,6
3846,5
3847,5
3848,7
3849,6
3850,6
3851,6
3852,6
3853,6
3854,6
3855,6
3856,6
3857,6
3858,7
3859,6
3860,6
3861,6
3862,6
3863,6
3864,6
3865,7
3866,6
3867,7
3868,7
3869,6
3870,5
3871,6
3872,6
3873,7
3874,5
3875,5
3876,6
3877,5
3878,6
3879,6
3880,6
3881,6
3882,6
3883,6
3884,6
3885,7
3886,6
3887,6
3888,6
3889,6
3890,6
3891,7
3892,7
3893,5
3894,7
3895,6
3896,6
3897,6
3898,7
3899,5
3900,7
3901,6
3902,6
3903,5
3904,6
3905,6
3906,6
3907,6
3908,6
3909,6
3910,7
3911,6
3912,6
3913,6
3914,6
3915,7
3916,6
3917,7
3918,7
3919,7
3920,7
3921,6
3922,6
3923,6
3924,6
3925,7
3926,6
3927,7
3928,7
3929,7
3930,6
3931,6
3932,6
3933,7
3934,6
3935,7
3936,6
3937,6
3938,6
3939,7
3940,6
3941,6
3942,6
3943,7
3944,7
3945,6
3946,6
3947,7
3948,7
3949,7
3950,5
3951,6
3952,6
3953,6
3954,6
3955,5
3956,6
3957,6
3958,6
3959,7
3960,6
3961,7
3962,7
3963,6
3964,6
3965,6
3966,6
3967,7
3968,6
3969,6
3970,6
3971,6
3972,6
3973,6
3974,6
3975,7
3976,7
3977,6
3978,6
3979,5
3980,6
3981,7
3982,7
3983,6
3984,7
3985,6
3986,7
3987,7
3988,6
3989,6
3990,7
3991,6
3992,6
3993,6
3994,7
3995,7
3996,5
3997,6
3998,7
3999,6
4000,6
4001,6
4002,6
4003,6
4004,6
4005,6
4006,6
4007,6
4008,6
4009,4
4010,6
4011,6
4012,5
4013,6
4014,6
4015,6
4016,6
4017,6
4018,6
4019,6
4020,6
4021,6
4022,5
4023,6
4024,6
4025,6
4026,6
4027,6
4028,6
4029,6
4030,6
4031,5
4032,5
4033,6
4034,7
4035,5
4036,6
4037,5
4038,6
4039,6
4040,6
4041,6
4042,6
4043,7
4044,7
4045,7
4046,7
4047,7
4048,7
4049,7
4050,6
4051,7
4052,7
4053,5
4054,6
4055,6
4056,6
4057,5
4058,5
4059,4
4060,6
4061,6
4062,6
4063,6
4064,5
4065,6
4066,6
4067,3
4068,5
4069,6
4070,6
4071,5
4072,5
4073,5
4074,6
4075,6
4076,6
4077,6
4078,6
4079,6
4080,6
4081,6
4082,6
4083,6
4084,6
4085,6
4086,6
4087,6
4088,6
4089,6
4090,5
4091,7
4092,7
4093,6
4094,6
4095,7
4096,5
4097,6
4098,6
4099,7
4100,6
4101,5
4102,5
4103,4
4104,6
4105,6
4106,6
4107,6
4108,6
4109,6
4110,4
4111,6
4112,5
4113,6
4114,5
4115,5
4116,6
4117,6
4118,5
4119,6
4120,5
4121,4
4122,5
4123,4
4124,5
4125,5
4126,6
4127,5
4128,5
4129,6
4130,5
4131,6
4132,4
4133,5
4134,5
4135,6
4136,5
4137,6
4138,6
4139,6
4140,6
4141,6
4142,5
4143,6
4144,6
4145,7
4146,6
4147,6
4148,6
4149,6
4150,5
4151,6
4152,5
4153,5
4154,6
4155,6
4156,5
4157,6
4158,6
4159,7
4160,6
4161,6
4162,5
4163,6
4164,6
4165,6
4166,7
4167,5
4168,6
4169,5
4170,6
4171,6
4172,5
4173,6
4174,6
4175,6
4176,6
4177,6
4178,5
4179,6
4180,7
4181,6
4182,6
4183,6
4184,6
4185,6
4186,6
4187,5
4188,7
4189,6
4190,6
4191,6
4192,6
4193,6
4194,6
4195,6
4196,7
4197,7
4198,7
4199,6
4200,6
4201,6
4202,5
4203,4
4204,6
4205,6
4206,6
4207,6
4208,6
4209,6
4210,5
4211,5
4212,5
4213,4
4214,6
4215,4
4216,5
4217,5
4218,5
4219,6
4220,4
4221,4
4222,6
4223,4
4224,5
4225,5
4226,5
4227,6
4228,5
4229,6
4230,5
4231,4
4232,4
4233,5
4234,5
4235,6
4236,5
4237,6
4238,6
4239,6
4240,6
4241,6
4242,5
4243,6
4244,6
4245,7
4246,6
4247,6
4248,6
4249,6
4250,5
4251,4
4252,5
4253,5
4254,6
4255,6
4256,5
4257,6
4258,6
4259,7
4260,6
4261,5
4262,5
4263,6
4264,6
4265,6
4266,7
4267,5
4268,6
4269,5
4270,6
4271,6
4272,5
4273,6
4274,6
4275,6
4276,6
4277,6
4278,5
4279,6
4280,7
4281,6
4282,6
4283,6
4284,6
4285,6
4286,6
4287,5
4288,7
4289,6
4290,6
4291,6
4292,6
4293,6
4294,6
4295,6
4296,7
4297,7
4298,6
4299,6
4300,7
4301,6
4302,6
4303,7
4304,7
4305,5
4306,5
4307,6
4308,6
4309,7
4310,4
4311,4
4312,6
4313,5
4314,5
4315,5
4316,6
4317,6
4318,6
4319,6
4320,4
4321,4
4322,4
4323,5
4324,5
4325,5
4326,6
4327,6
4328,6
4329,6
4330,7
4331,6
4332,6
4333,6
4334,7
4335,6
4336,4
4337,6
4338,6
4339,6
4340,7
4341,4
4342,4
4343,6
4344,7
4345,6
4346,5
4347,6
4348,6
4349,6
4350,5
4351,6
4352,6
4353,5
4354,5
4355,6
4356,5
4357,5
4358,6
4359,6
4360,6
4361,6
4362,6
4363,6
4364,6
4365,5
4366,6
4367,6
4368,6
4369,7
4370,6
4371,6
4372,6
4373,6
4374,7
4375,4
4376,6
4377,7
4378,7
4379,6
4380,6
4381,6
4382,6
4383,6
4384,6
4385,6
4386,6
4387,6
4388,7
4389,6
4390,6
4391,6
4392,6
4393,6
4394,7
4395,6
4396,6
4397,6
4398,6
4399,7
4400,6
4401,6
4402,6
4403,7
4404,5
4405,6
4406,6
4407,6
4408,6
4409,5
4410,6
4411,5
4412,5
4413,3
4414,6
4415,6
4416,6
4417,7
4418,6
4419,7
4420,6
4421,6
4422,5
4423,3
4424,6
4425,6
4426,6
4427,7
4428,6
4429,7
4430,6
4431,5
4432,5
4433,6
4434,7
4435,5
4436,6
4437,7
4438,6
4439,6
4440,6
4441,6
4442,6
4443,6
4444,5
4445,6
4446,6
4447,6
4448,6
4449,6
4450,6
4451,6
4452,6
4453,6
4454,6
4455,6
4456,5
4457,5
4458,5
4459,7
4460,6
4461,5
4462,5
4463,5
4464,6
4465,6
4466,6
4467,7
4468,6
4469,6
4470,6
4471,6
4472,6
4473,6
4474,6
4475,6
4476,6
4477,6
4478,6
4479,6
4480,6
4481,6
4482,6
4483,6
4484,6
4485,6
4486,6
4487,6
4488,6
4489,6
4490,6
4491,7
4492,7
4493,7
4494,6
4495,6
4496,6
4497,6
4498,5
4499,6
4500,6
4501,6
4502,6
4503,6
4504,6
4505,6
4506,6
4507,6
4508,5
4509,6
4510,6
4511,5
4512,6
4513,5
4514,6
4515,6
4516,6
4517,5
4518,6
4519,6
4520,6
4521,6
4522,6
4523,5
4524,6
4525,6
4526,6
4527,5
4528,6
4529,6
4530,5
4531,5
4532,5
4533,6
4534,6
4535,5
4536,4
4537,5
4538,6
4539,7
4540,6
4541,6
4542,6
4543,6
4544,6
4545,7
4546,6
4547,5
4548,6
4549,6
4550,5
4551,7
4552,7
4553,6
4554,6
4555,6
4556,6
4557,6
4558,5
4559,6
4560,7
4561,6
4562,6
4563,4
4564,6
4565,5
4566,5
4567,5
4568,6
4569,6
4570,6
4571,6
4572,6
4573,5
4574,6
4575,7
4576,6
4577,6
4578,6
4579,6
4580,4
4581,6
4582,6
4583,5
4584,6
4585,6
4586,6
4587,5
4588,7
4589,7
4590,6
4591,7
4592,7
4593,7
4594,6
4595,7
4596,7
4597,7
4598,7
4599,6
4600,6
4601,6
4602,6
4603,6
4604,6
4605,6
4606,6
4607,5
4608,5
4609,5
4610,6
4611,5
4612,5
4613,5
4614,6
4615,5
4616,6
4617,6
4618,6
4619,6
4620,6
4621,5
4622,5
4623,5
4624,6
4625,5
4626,6
4627,6
4628,6
4629,6
4630,6
4631,6
4632,6
4633,6
4634,6
4635,4
4636,6
4637,6
4638,6
4639,7
4640,6
4641,6
4642,6
4643,6
4644,6
4645,6
4646,6
4647,6
4648,6
4649,6
4650,6
4651,5
4652,5
4653,5
4654,6
4655,7
4656,5
4657,6
4658,6
4659,7
4660,6
4661,6
4662,6
4663,6
4664,6
4665,6
4666,6
4667,5
4668,6
4669,6
4670,4
4671,5
4672,5
4673,6
4674,6
4675,5
4676,7
4677,6
4678,6
4679,7
4680,6
4681,6
4682,6
4683,6
4684,7
4685,6
4686,6
4687,5
4688,6
4689,7
4690,6
4691,7
4692,7
4693,7
4694,6
4695,7
4696,6
4697,6
4698,7
4699,7
4700,5
4701,5
4702,5
4703,5
4704,6
4705,6
4706,5
4707,5
4708,6
4709,6
4710,6
4711,6
4712,6
4713,6
4714,6
4715,4
4716,6
4717,7
4718,5
4719,6
4720,6
4721,6
4722,6
4723,6
4724,6
4725,4
4726,6
4727,7
4728,5
4729,6
4730,6
4731,6
4732,6
4733,6
4734,7
4735,4
4736,6
4737,6
4738,6
4739,5
4740,7
4741,6
4742,6
4743,6
4744,6
4745,6
4746,6
4747,7
4748,6
4749,6
4750,5
4751,5
4752,5
4753,5
4754,6
4755,6
4756,5
4757,6
4758,5
4759,6
4760,5
4761,6
4762,6
4763,6
4764,5
4765,5
4766,6
4767,6
4768,6
4769,6
4770,6
4771,5
4772,5
4773,7
4774,7
4775,6
4776,7
4777,7
4778,4
4779,6
4780,6
4781,5
4782,5
4783,7
4784,7
4785,6
4786,6
4787,5
4788,6
4789,5
4790,6
4791,7
4792,7
4793,7
4794,7
4795,7
4796,6
4797,6
4798,6
4799,6
4800,5
4801,6
4802,6
4803,6
4804,6
4805,5
4806,6
4807,5
4808,7
4809,6
4810,6
4811,6
4812,5
4813,6
4814,6
4815,7
4816,6
4817,5
4818,7
4819,5
4820,6
4821,6
4822,6
4823,6
4824,6
4825,7
4826,6
4827,5
4828,7
4829,5
4830,6
4831,6
4832,6
4833,6
4834,5
4835,6
4836,6
4837,7
4838,6
4839,7
4840,7
4841,6
4842,6
4843,6
4844,6
4845,6
4846,6
4847,6
4848,6
4849,6
4850,6
4851,6
4852,6
4853,6
4854,6
4855,6
4856,6
4857,5
4858,6
4859,6
4860,5
4861,6
4862,6
4863,6
4864,6
4865,5
4866,7
4867,5
4868,6
4869,6
4870,6
4871,6
4872,7
4873,7
4874,7
4875,6
4876,5
4877,6
4878,4
4879,6
4880,6
4881,6
4882,6
4883,6
4884,6
4885,7
4886,6
4887,5
4888,6
4889,6
4890,6
4891,7
4892,7
4893,7
4894,7
4895,7
4896,7
4897,5
4898,5
4899,6
4900,6
4901,7
4902,7
4903,6
4904,6
4905,6
4906,6
4907,7
4908,7
4909,6
4910,6
4911,6
4912,6
4913,6
4914,6
4915,7
4916,7
4917,6
4918,6
4919,6
4920,6
4921,6
4922,6
4923,6
4924,6
4925,7
4926,7
4927,6
4928,6
4929,6
4930,6
4931,6
4932,6
4933,6
4934,6
4935,7
4936,6
4937,5
4938,6
4939,6
4940,6
4941,6
4942,6
4943,5
4944,6
4945,7
4946,6
4947,6
4948,6
4949,6
4950,5
4951,7
4952,7
4953,7
4954,6
4955,6
4956,6
4957,6
4958,5
4959,6
4960,6
4961,7
4962,7
4963,6
4964,6
4965,7
4966,5
4967,6
4968,6
4969,6
4970,6
4971,7
4972,7
4973,6
4974,6
4975,7
4976,7
4977,5
4978,6
4979,6
4980,6
4981,7
4982,7
4983,6
4984,6
4985,7
4986,6
4987,6
4988,6
4989,6
4990,6
4991,7
4992,7
4993,7
4994,6
4995,6
4996,6
4997,6
4998,6
4999,6
5000,6
5001,5
5002,5
5003,6
5004,5
5005,7
5006,6
5007,6
5008,6
5009,6
5010,6
5011,6
5012,5
5013,6
5014,6
5015,6
5016,6
5017,5
5018,5
5019,6
5020,6
5021,5
5022,5
5023,6
5024,6
5025,6
5026,6
5027,5
5028,5
5029,6
5030,7
5031,6
5032,6
5033,7
5034,6
5035,6
5036,6
5037,6
5038,6
5039,6
5040,7
5041,6
5042,6
5043,5
5044,6
5045,6
5046,6
5047,5
5048,5
5049,7
5050,6
5051,5
5052,5
5053,6
5054,6
5055,6
5056,6
5057,6
5058,6
5059,6
5060,6
5061,3
5062,3
5063,6
5064,5
5065,6
5066,7
5067,5
5068,5
5069,6
5070,6
5071,6
5072,6
5073,7
5074,5
5075,7
5076,6
5077,5
5078,6
5079,6
5080,6
5081,5
5082,5
5083,6
5084,6
5085,7
5086,6
5087,5
5088,6
5089,6
5090,5
5091,6
5092,6
5093,7
5094,7
5095,6
5096,7
5097,6
5098,6
5099,6
5100,6
5101,6
5102,5
5103,6
5104,7
5105,6
5106,5
5107,5
5108,6
5109,7
5110,5
5111,6
5112,5
5113,5
5114,5
5115,6
5116,5
5117,5
5118,6
5119,7
5120,5
5121,5
5122,5
5123,5
5124,5
5125,6
5126,4
5127,6
5128,6
5129,6
5130,6
5131,4
5132,4
5133,6
5134,5
5135,6
5136,5
5137,5
5138,6
5139,6
5140,6
5141,5
5142,6
5143,6
5144,6
5145,7
5146,6
5147,7
5148,6
5149,7
5150,6
5151,6
5152,5
5153,6
5154,6
5155,6
5156,6
5157,6
5158,6
5159,6
5160,6
5161,4
5162,4
5163,4
5164,6
5165,6
5166,7
5167,6
5168,6
5169,6
5170,6
5171,5
5172,6
5173,6
5174,6
5175,5
5176,6
5177,6
5178,6
5179,7
5180,6
5181,5
5182,5
5183,6
5184,7
5185,6
5186,6
5187,6
5188,6
5189,6
5190,7
5191,6
5192,6
5193,6
5194,7
5195,6
5196,7
5197,7
5198,6
5199,6
5200,6
5201,6
5202,6
5203,6
5204,7
5205,6
5206,5
5207,5
5208,6
5209,7
5210,6
5211,5
5212,5
5213,5
5214,5
5215,5
5216,6
5217,6
5218,5
5219,6
5220,3
5221,4
5222,5
5223,6
5224,5
5225,5
5226,6
5227,5
5228,5
5229,6
5230,6
5231,5
5232,4
5233,6
5234,5
5235,6
5236,5
5237,5
5238,6
5239,6
5240,6
5241,5
5242,6
5243,6
5244,7
5245,7
5246,6
5247,7
5248,6
5249,7
5250,6
5251,6
5252,5
5253,6
5254,6
5255,6
5256,6
5257,6
5258,6
5259,6
5260,6
5261,5
5262,4
5263,4
5264,6
5265,6
5266,7
5267,6
5268,6
5269,6
5270,6
5271,6
5272,6
5273,6
5274,6
5275,5
5276,6
5277,6
5278,6
5279,7
5280,6
5281,6
5282,5
5283,6
5284,7
5285,6
5286,6
5287,6
5288,6
5289,6
5290,7
5291,6
5292,6
5293,6
5294,7
5295,6
5296,7
5297,7
5298,6
5299,6
5300,6
5301,5
5302,5
5303,7
5304,5
5305,5
5306,5
5307,6
5308,6
5309,5
5310,5
5311,4
5312,6
5313,6
5314,4
5315,7
5316,6
5317,6
5318,6
5319,6
5320,5
5321,6
5322,6
5323,6
5324,4
5325,7
5326,6
5327,6
5328,6
5329,6
5330,6
5331,6
5332,6
5333,6
5334,6
5335,6
5336,6
5337,7
5338,6
5339,6
5340,6
5341,6
5342,6
5343,6
5344,6
5345,4
5346,4
5347,4
5348,6
5349,6
5350,6
5351,6
5352,6
5353,6
5354,6
5355,5
5356,6
5357,6
5358,6
5359,7
5360,6
5361,5
5362,5
5363,6
5364,4
5365,6
5366,6
5367,6
5368,6
5369,7
5370,6
5371,6
5372,6
5373,6
5374,5
5375,7
5376,6
5377,7
5378,6
5379,7
5380,6
5381,7
5382,7
5383,5
5384,6
5385,6
5386,6
5387,6
5388,5
5389,5
5390,6
5391,7
5392,7
5393,6
5394,6
5395,5
5396,7
5397,6
5398,6
5399,6
5400,6
5401,6
5402,6
5403,6
5404,6
5405,7
5406,5
5407,5
5408,5
5409,5
5410,6
5411,4
5412,5
5413,6
5414,6
5415,6
5416,6
5417,6
5418,6
5419,6
5420,6
5421,5
5422,5
5423,6
5424,6
5425,6
5426,6
5427,6
5428,6
5429,6
5430,5
5431,5
5432,5
5433,4
5434,5
5435,6
5436,4
5437,5
5438,6
5439,6
5440,6
5441,6
5442,6
5443,5
5444,6
5445,7
5446,6
5447,6
5448,6
5449,6
5450,6
5451,6
5452,6
5453,6
5454,6
5455,6
5456,5
5457,5
5458,5
5459,6
5460,6
5461,5
5462,5
5463,5
5464,5
5465,6
5466,5
5467,6
5468,7
5469,7
5470,6
5471,6
5472,6
5473,6
5474,6
5475,6
5476,6
5477,7
5478,5
5479,6
5480,6
5481,6
5482,6
5483,5
5484,5
5485,7
5486,6
5487,5
5488,6
5489,6
5490,5
5491,7
5492,7
5493,6
5494,5
5495,7
5496,6
5497,6
5498,6
5499,5
5500,6
5501,5
5502,5
5503,6
5504,7
5505,6
5506,6
5507,7
5508,7
5509,7
5510,6
5511,5
5512,6
5513,6
5514,5
5515,6
5516,6
5517,5
5518,6
5519,6
5520,6
5521,5
5522,6
5523,6
5524,5
5525,6
5526,6
5527,5
5528,6
5529,6
5530,6
5531,6
5532,6
5533,6
5534,5
5535,6
5536,6
5537,6
5538,6
5539,6
5540,7
5541,6
5542,6
5543,5
5544,6
5545,6
5546,6
5547,7
5548,6
5549,6
5550,6
5551,6
5552,6
5553,6
5554,6
5555,6
5556,6
5557,6
5558,6
5559,6
5560,6
5561,6
5562,6
5563,6
5564,5
5565,6
5566,6
5567,6
5568,7
5569,6
5570,7
5571,6
5572,6
5573,6
5574,6
5575,6
5576,6
5577,6
5578,6
5579,6
5580,7
5581,5
5582,5
5583,7
5584,6
5585,6
5586,6
5587,7
5588,7
5589,6
5590,6
5591,6
5592,6
5593,6
5594,7
5595,5
5596,7
5597,6
5598,6
5599,6
5600,6
5601,4
5602,4
5603,6
5604,7
5605,6
5606,7
5607,6
5608,5
5609,7
5610,4
5611,5
5612,5
5613,3
5614,4
5615,6
5616,6
5617,5
5618,6
5619,5
5620,4
5621,4
5622,4
5623,3
5624,4
5625,6
5626,6
5627,5
5628,6
5629,5
5630,6
5631,4
5632,4
5633,6
5634,5
5635,6
5636,5
5637,6
5638,6
5639,7
5640,6
5641,5
5642,5
5643,5
5644,6
5645,5
5646,6
5647,5
5648,6
5649,6
5650,6
5651,5
5652,5
5653,6
5654,7
5655,7
5656,6
5657,5
5658,6
5659,5
5660,6
5661,6
5662,6
5663,6
5664,6
5665,7
5666,6
5667,6
5668,6
5669,5
5670,6
5671,5
5672,5
5673,6
5674,5
5675,7
5676,6
5677,6
5678,5
5679,6
5680,5
5681,5
5682,5
5683,7
5684,6
5685,6
5686,7
5687,6
5688,5
5689,5
5690,6
5691,6
5692,6
5693,6
5694,6
5695,7
5696,6
5697,6
5698,5
5699,6
5700,6
5701,6
5702,6
5703,6
5704,6
5705,7
5706,6
5707,7
5708,6
5709,6
5710,5
5711,6
5712,5
5713,5
5714,5
5715,6
5716,5
5717,7
5718,5
5719,5
5720,5
5721,5
5722,4
5723,5
5724,5
5725,6
5726,5
5727,7
5728,5
5729,5
5730,7
5731,6
5732,6
5733,6
5734,5
5735,7
5736,6
5737,7
5738,6
5739,7
5740,6
5741,6
5742,6
5743,5
5744,6
5745,6
5746,6
5747,6
5748,6
5749,6
5750,6
5751,6
5752,6
5753,6
5754,5
5755,6
5756,6
5757,6
5758,6
5759,5
5760,6
5761,6
5762,6
5763,5
5764,5
5765,7
5766,6
5767,6
5768,6
5769,6
5770,6
5771,6
5772,6
5773,7
5774,6
5775,6
5776,7
5777,6
5778,5
5779,6
5780,6
5781,5
5782,5
5783,7
5784,6
5785,6
5786,5
5787,5
5788,6
5789,6
5790,6
5791,7
5792,7
5793,5
5794,6
5795,7
5796,6
5797,6
5798,6
5799,6
5800,6
5801,5
5802,5
5803,7
5804,6
5805,7
5806,7
5807,6
5808,7
5809,6
5810,6
5811,6
5812,5
5813,6
5814,6
5815,7
5816,5
5817,5
5818,5
5819,7
5820,6
5821,6
5822,5
5823,6
5824,6
5825,7
5826,5
5827,5
5828,5
5829,7
5830,7
5831,6
5832,6
5833,6
5834,6
5835,6
5836,6
5837,5
5838,6
5839,6
5840,6
5841,6
5842,6
5843,6
5844,6
5845,7
5846,7
5847,6
5848,5
5849,5
5850,6
5851,6
5852,6
5853,6
5854,6
5855,6
5856,6
5857,6
5858,5
5859,5
5860,6
5861,6
5862,6
5863,6
5864,7
5865,6
5866,6
5867,5
5868,7
5869,6
5870,6
5871,5
5872,5
5873,7
5874,6
5875,6
5876,5
5877,6
5878,5
5879,6
5880,7
5881,6
5882,6
5883,6
5884,6
5885,7
5886,6
5887,5
5888,7
5889,6
5890,6
5891,7
5892,7
5893,6
5894,6
5895,7
5896,6
5897,6
5898,6
5899,6
5900,6
5901,6
5902,6
5903,6
5904,6
5905,7
5906,6
5907,6
5908,6
5909,6
5910,6
5911,6
5912,7
5913,6
5914,5
5915,6
5916,7
5917,6
5918,6
5919,7
5920,6
5921,6
5922,6
5923,6
5924,5
5925,6
5926,7
5927,6
5928,6
5929,7
5930,6
5931,6
5932,6
5933,7
5934,6
5935,7
5936,7
5937,5
5938,5
5939,7
5940,6
5941,7
5942,7
5943,6
5944,7
5945,7
5946,7
5947,7
5948,6
5949,7
5950,6
5951,6
5952,6
5953,7
5954,6
5955,6
5956,5
5957,6
5958,6
5959,6
5960,7
5961,6
5962,6
5963,6
5964,6
5965,6
5966,6
5967,6
5968,6
5969,7
5970,6
5971,7
5972,7
5973,6
5974,6
5975,6
5976,6
5977,6
5978,7
5979,4
5980,6
5981,7
5982,7
5983,6
5984,6
5985,6
5986,6
5987,7
5988,6
5989,4
5990,7
5991,6
5992,6
5993,6
5994,6
5995,6
5996,6
5997,5
5998,5
5999,6
6000,7
6001,6
6002,6
6003,6
6004,6
6005,6
6006,6
6007,7
6008,7
6009,7
6010,6
6011,5
6012,6
6013,5
6014,6
6015,5
6016,6
6017,6
6018,6
6019,6
6020,6
6021,6
6022,6
6023,5
6024,6
6025,5
6026,6
6027,6
6028,6
6029,6
6030,7
6031,6
6032,6
6033,7
6034,6
6035,6
6036,6
6037,6
6038,7
6039,6
6040,6
6041,6
6042,6
6043,6
6044,5
6045,6
6046,7
6047,5
6048,6
6049,5
6050,6
6051,5
6052,5
6053,6
6054,7
6055,6
6056,6
6057,6
6058,6
6059,5
6060,6
6061,6
6062,6
6063,6
6064,5
6065,7
6066,7
6067,6
6068,6
6069,7
6070,7
6071,6
6072,6
6073,6
6074,5
6075,6
6076,6
6077,7
6078,7
6079,6
6080,7
6081,6
6082,6
6083,7
6084,6
6085,7
6086,7
6087,7
6088,7
6089,6
6090,6
6091,6
6092,6
6093,7
6094,6
6095,7
6096,6
6097,7
6098,7
6099,5
6100,6
6101,6
6102,5
6103,6
6104,6
6105,4
6106,6
6107,5
6108,6
6109,7
6110,6
6111,6
6112,5
6113,6
6114,5
6115,5
6116,6
6117,6
6118,6
6119,6
6120,5
6121,5
6122,5
6123,5
6124,5
6125,4
6126,5
6127,6
6128,6
6129,6
6130,5
6131,6
6132,5
6133,6
6134,5
6135,5
6136,6
6137,5
6138,6
6139,6
6140,6
6141,5
6142,6
6143,6
6144,6
6145,6
6146,6
6147,6
6148,6
6149,6
6150,5
6151,5
6152,5
6153,5
6154,6
6155,6
6156,6
6157,5
6158,6
6159,7
6160,6
6161,6
6162,6
6163,6
6164,6
6165,6
6166,6
6167,7
6168,6
6169,6
6170,6
6171,6
6172,5
6173,5
6174,6
6175,6
6176,6
6177,7
6178,6
6179,5
6180,5
6181,5
6182,6
6183,5
6184,7
6185,5
6186,6
6187,6
6188,5
6189,7
6190,7
6191,6
6192,6
6193,7
6194,7
6195,7
6196,6
6197,6
6198,6
6199,5
6200,6
6201,5
6202,5
6203,7
6204,6
6205,4
6206,6
6207,5
6208,6
6209,7
6210,5
6211,5
6212,5
6213,4
6214,5
6215,5
6216,5
6217,4
6218,5
6219,5
6220,5
6221,5
6222,6
6223,5
6224,5
6225,5
6226,6
6227,5
6228,5
6229,5
6230,5
6231,5
6232,5
6233,6
6234,5
6235,5
6236,6
6237,5
6238,6
6239,6
6240,6
6241,5
6242,6
6243,6
6244,6
6245,6
6246,6
6247,6
6248,6
6249,6
6250,5
6251,5
6252,4
6253,5
6254,6
6255,6
6256,6
6257,5
6258,6
6259,7
6260,6
6261,6
6262,6
6263,6
6264,6
6265,6
6266,6
6267,7
6268,6
6269,6
6270,6
6271,5
6272,5
6273,5
6274,6
6275,6
6276,6
6277,7
6278,6
6279,5
6280,5
6281,5
6282,5
6283,5
6284,7
6285,5
6286,6
6287,6
6288,5
6289,7
6290,7
6291,5
6292,6
6293,7
6294,7
6295,7
6296,6
6297,6
6298,6
6299,5
6300,6
6301,5
6302,5
6303,6
6304,6
6305,6
6306,6
6307,6
6308,6
6309,6
6310,6
6311,5
6312,5
6313,6
6314,5
6315,6
6316,6
6317,6
6318,6
6319,6
6320,6
6321,5
6322,6
6323,6
6324,5
6325,6
6326,6
6327,6
6328,6
6329,6
6330,7
6331,6
6332,6
6333,7
6334,6
6335,6
6336,6
6337,6
6338,6
6339,6
6340,6
6341,6
6342,6
6343,6
6344,6
6345,5
6346,6
6347,6
6348,6
6349,7
6350,6
6351,4
6352,4
6353,6
6354,5
6355,6
6356,6
6357,6
6358,6
6359,7
6360,7
6361,5
6362,5
6363,7
6364,4
6365,5
6366,6
6367,6
6368,6
6369,6
6370,5
6371,6
6372,6
6373,6
6374,6
6375,6
6376,6
6377,7
6378,6
6379,6
6380,6
6381,6
6382,6
6383,6
6384,7
6385,5
6386,6
6387,6
6388,7
6389,6
6390,6
6391,7
6392,7
6393,7
6394,7
6395,6
6396,5
6397,5
6398,6
6399,6
6400,6
6401,6
6402,6
6403,6
6404,5
6405,6
6406,6
6407,6
6408,6
6409,5
6410,6
6411,5
6412,6
6413,6
6414,7
6415,6
6416,6
6417,5
6418,6
6419,7
6420,6
6421,4
6422,6
6423,6
6424,7
6425,6
6426,6
6427,5
6428,6
6429,7
6430,6
6431,6
6432,6
6433,5
6434,5
6435,5
6436,5
6437,6
6438,6
6439,6
6440,6
6441,5
6442,5
6443,5
6444,6
6445,6
6446,5
6447,6
6448,6
6449,6
6450,6
6451,6
6452,6
6453,5
6454,6
6455,5
6456,5
6457,5
6458,6
6459,6
6460,6
6461,6
6462,6
6463,6
6464,7
6465,6
6466,6
6467,6
6468,6
6469,6
6470,6
6471,5
6472,5
6473,6
6474,5
6475,7
6476,6
6477,6
6478,6
6479,6
6480,6
6481,7
6482,7
6483,6
6484,7
6485,6
6486,5
6487,6
6488,5
6489,7
6490,5
6491,7
6492,7
6493,6
6494,6
6495,7
6496,6
6497,6
6498,7
6499,6
6500,6
6501,4
6502,4
6503,6
6504,6
6505,6
6506,7
6507,6
6508,5
6509,6
6510,6
6511,6
6512,6
6513,5
6514,5
6515,6
6516,6
6517,6
6518,6
6519,7
6520,6
6521,5
6522,5
6523,5
6524,5
6525,6
6526,6
6527,6
6528,6
6529,7
6530,6
6531,5
6532,5
6533,6
6534,5
6535,6
6536,5
6537,6
6538,5
6539,6
6540,6
6541,6
6542,6
6543,5
6544,6
6545,5
6546,6
6547,6
6548,6
6549,6
6550,5
6551,6
6552,6
6553,6
6554,6
6555,6
6556,6
6557,6
6558,6
6559,6
6560,7
6561,6
6562,6
6563,6
6564,4
6565,6
6566,7
6567,6
6568,7
6569,6
6570,6
6571,5
6572,5
6573,6
6574,5
6575,7
6576,7
6577,6
6578,6
6579,7
6580,6
6581,5
6582,5
6583,6
6584,7
6585,6
6586,6
6587,7
6588,6
6589,6
6590,6
6591,6
6592,6
6593,6
6594,7
6595,7
6596,6
6597,7
6598,6
6599,6
6600,7
6601,6
6602,6
6603,7
6604,6
6605,6
6606,6
6607,7
6608,7
6609,6
6610,6
6611,5
6612,6
6613,6
6614,6
6615,6
6616,6
6617,6
6618,6
6619,6
6620,6
6621,6
6622,6
6623,6
6624,6
6625,6
6626,6
6627,6
6628,6
6629,6
6630,7
6631,6
6632,6
6633,7
6634,5
6635,6
6636,6
6637,6
6638,7
6639,6
6640,6
6641,6
6642,6
6643,5
6644,6
6645,5
6646,7
6647,6
6648,6
6649,6
6650,7
6651,6
6652,6
6653,5
6654,6
6655,7
6656,6
6657,7
6658,6
6659,6
6660,6
6661,6
6662,6
6663,7
6664,6
6665,7
6666,6
6667,6
6668,6
6669,6
6670,7
6671,6
6672,6
6673,6
6674,5
6675,7
6676,7
6677,6
6678,7
6679,7
6680,7
6681,6
6682,6
6683,7
6684,7
6685,7
6686,6
6687,6
6688,7
6689,7
6690,6
6691,6
6692,6
6693,6
6694,7
6695,7
6696,6
6697,6
6698,6
6699,6
6700,7
6701,6
6702,6
6703,6
6704,5
6705,6
6706,6
6707,7
6708,6
6709,7
6710,5
6711,6
6712,6
6713,6
6714,5
6715,6
6716,6
6717,6
6718,7
6719,5
6720,5
6721,5
6722,5
6723,6
6724,5
6725,6
6726,6
6727,6
6728,7
6729,5
6730,6
6731,6
6732,6
6733,7
6734,5
6735,6
6736,7
6737,7
6738,7
6739,7
6740,5
6741,6
6742,6
6743,6
6744,6
6745,5
6746,5
6747,7
6748,5
6749,6
6750,6
6751,5
6752,5
6753,6
6754,6
6755,6
6756,6
6757,7
6758,5
6759,6
6760,7
6761,6
6762,6
6763,6
6764,6
6765,7
6766,6
6767,7
6768,6
6769,7
6770,7
6771,5
6772,5
6773,7
6774,6
6775,7
6776,6
6777,7
6778,6
6779,7
6780,7
6781,6
6782,6
6783,7
6784,5
6785,6
6786,6
6787,6
6788,6
6789,7
6790,6
6791,7
6792,7
6793,6
6794,5
6795,7
6796,6
6797,7
6798,7
6799,7
6800,7
6801,5
6802,5
6803,6
6804,6
6805,4
6806,6
6807,6
6808,6
6809,7
6810,7
6811,6
6812,6
6813,6
6814,6
6815,6
6816,6
6817,6
6818,7
6819,7
6820,7
6821,6
6822,5
6823,6
6824,6
6825,6
6826,6
6827,6
6828,7
6829,7
6830,6
6831,5
6832,5
6833,7
6834,6
6835,5
6836,6
6837,7
6838,7
6839,6
6840,6
6841,7
6842,7
6843,6
6844,7
6845,6
6846,7
6847,6
6848,6
6849,6
6850,6
6851,6
6852,6
6853,7
6854,6
6855,6
6856,6
6857,5
6858,7
6859,6
6860,7
6861,5
6862,5
6863,6
6864,5
6865,7
6866,7
6867,6
6868,7
6869,7
6870,6
6871,6
6872,6
6873,7
6874,6
6875,6
6876,6
6877,6
6878,6
6879,6
6880,5
6881,6
6882,6
6883,7
6884,7
6885,7
6886,7
6887,6
6888,6
6889,6
6890,6
6891,6
6892,6
6893,7
6894,7
6895,7
6896,6
6897,6
6898,7
6899,7
6900,6
6901,6
6902,6
6903,6
6904,6
6905,6
6906,6
6907,6
6908,6
6909,6
6910,6
6911,5
6912,6
6913,6
6914,6
6915,6
6916,6
6917,6
6918,5
6919,5
6920,6
6921,6
6922,5
6923,6
6924,6
6925,6
6926,6
6927,6
6928,5
6929,5
6930,7
6931,6
6932,6
6933,7
6934,7
6935,6
6936,6
6937,6
6938,6
6939,7
6940,6
6941,7
6942,7
6943,6
6944,6
6945,6
6946,6
6947,7
6948,7
6949,7
6950,6
6951,6
6952,6
6953,7
6954,7
6955,6
6956,6
6957,5
6958,6
6959,6
6960,7
6961,6
6962,6
6963,6
6964,7
6965,6
6966,6
6967,7
6968,7
6969,6
6970,6
6971,7
6972,7
6973,7
6974,6
6975,6
6976,7
6977,7
6978,6
6979,6
6980,6
6981,7
6982,7
6983,7
6984,7
6985,6
6986,7
6987,7
6988,6
6989,6
6990,5
6991,7
6992,7
6993,7
6994,7
6995,7
6996,6
6997,7
6998,7
6999,7
7000,6
7001,6
7002,6
7003,6
7004,6
7005,6
7006,6
7007,5
7008,5
7009,5
7010,6
7011,5
7012,7
7013,5
7014,5
7015,6
7016,5
7017,7
7018,6
7019,6
7020,6
7021,5
7022,6
7023,5
7024,5
7025,6
7026,5
7027,7
7028,6
7029,6
7030,7
7031,6
7032,6
7033,6
7034,7
7035,7
7036,6
7037,6
7038,5
7039,6
7040,7
7041,6
7042,6
7043,7
7044,6
7045,6
7046,6
7047,6
7048,6
7049,6
7050,6
7051,6
7052,6
7053,6
7054,6
7055,7
7056,6
7057,6
7058,6
7059,5
7060,7
7061,5
7062,5
7063,6
7064,5
7065,6
7066,6
7067,7
7068,7
7069,7
7070,5
7071,7
7072,7
7073,7
7074,6
7075,6
7076,5
7077,6
7078,3
7079,5
7080,6
7081,6
7082,6
7083,6
7084,6
7085,6
7086,7
7087,5
7088,6
7089,5
7090,5
7091,6
7092,6
7093,7
7094,7
7095,6
7096,6
7097,5
7098,5
7099,5
7100,6
7101,5
7102,5
7103,6
7104,5
7105,6
7106,5
7107,6
7108,5
7109,6
7110,6
7111,6
7112,5
7113,7
7114,5
7115,6
7116,6
7117,6
7118,6
7119,7
7120,5
7121,6
7122,6
7123,5
7124,6
7125,6
7126,6
7127,6
7128,5
7129,5
7130,6
7131,7
7132,5
7133,6
7134,6
7135,6
7136,6
7137,6
7138,5
7139,6
7140,6
7141,6
7142,5
7143,6
7144,6
7145,6
7146,6
7147,7
7148,6
7149,6
7150,6
7151,5
7152,6
7153,6
7154,6
7155,6
7156,6
7157,6
7158,6
7159,7
7160,5
7161,6
7162,5
7163,6
7164,6
7165,6
7166,6
7167,6
7168,5
7169,6
7170,7
7171,6
7172,6
7173,6
7174,6
7175,6
7176,6
7177,6
7178,6
7179,5
7180,5
7181,5
7182,5
7183,4
7184,6
7185,5
7186,6
7187,6
7188,6
7189,5
7190,7
7191,5
7192,5
7193,7
7194,6
7195,6
7196,7
7197,6
7198,6
7199,6
7200,6
7201,5
7202,5
7203,6
7204,5
7205,6
7206,5
7207,6
7208,5
7209,6
7210,5
7211,5
7212,5
7213,6
7214,5
7215,6
7216,5
7217,6
7218,6
7219,5
7220,6
7221,5
7222,6
7223,6
7224,6
7225,6
7226,6
7227,6
7228,6
7229,5
7230,6
7231,6
7232,5
7233,6
7234,6
7235,6
7236,6
7237,6
7238,5
7239,6
7240,6
7241,6
7242,5
7243,6
7244,6
7245,6
7246,6
7247,7
7248,6
7249,6
7250,6
7251,6
7252,5
7253,6
7254,6
7255,6
7256,6
7257,6
7258,6
7259,7
7260,5
7261,5
7262,5
7263,6
7264,6
7265,6
7266,6
7267,6
7268,5
7269,6
7270,7
7271,5
7272,6
7273,6
7274,6
7275,6
7276,6
7277,6
7278,6
7279,5
7280,5
7281,6
7282,5
7283,4
7284,6
7285,5
7286,6
7287,6
7288,6
7289,5
7290,7
7291,5
7292,5
7293,7
7294,6
7295,6
7296,7
7297,6
7298,6
7299,6
7300,6
7301,6
7302,6
7303,6
7304,6
7305,7
7306,7
7307,7
7308,6
7309,6
7310,5
7311,5
7312,6
7313,6
7314,5
7315,5
7316,6
7317,6
7318,6
7319,6
7320,5
7321,6
7322,6
7323,6
7324,5
7325,5
7326,6
7327,6
7328,6
7329,6
7330,7
7331,6
7332,6
7333,6
7334,6
7335,7
7336,6
7337,6
7338,6
7339,6
7340,6
7341,6
7342,6
7343,6
7344,6
7345,6
7346,6
7347,7
7348,7
7349,6
7350,5
7351,6
7352,6
7353,6
7354,6
7355,6
7356,5
7357,7
7358,4
7359,6
7360,6
7361,6
7362,6
7363,7
7364,6
7365,6
7366,7
7367,7
7368,6
7369,6
7370,6
7371,6
7372,6
7373,7
7374,7
7375,7
7376,6
7377,7
7378,6
7379,6
7380,6
7381,4
7382,4
7383,6
7384,6
7385,7
7386,6
7387,6
7388,6
7389,7
7390,6
7391,7
7392,7
7393,6
7394,6
7395,6
7396,6
7397,6
7398,6
7399,7
7400,6
7401,5
7402,5
7403,5
7404,6
7405,6
7406,6
7407,5
7408,6
7409,7
7410,6
7411,6
7412,5
7413,6
7414,6
7415,6
7416,6
7417,7
7418,5
7419,7
7420,6
7421,6
7422,5
7423,6
7424,6
7425,6
7426,6
7427,7
7428,5
7429,7
7430,5
7431,6
7432,6
7433,6
7434,6
7435,6
7436,6
7437,6
7438,5
7439,7
7440,6
7441,6
7442,6
7443,5
7444,6
7445,6
7446,6
7447,5
7448,6
7449,6
7450,6
7451,6
7452,6
7453,5
7454,5
7455,6
7456,5
7457,6
7458,4
7459,5
7460,6
7461,6
7462,6
7463,7
7464,6
7465,6
7466,6
7467,6
7468,5
7469,6
7470,5
7471,6
7472,6
7473,5
7474,6
7475,6
7476,6
7477,6
7478,6
7479,6
7480,6
7481,5
7482,5
7483,6
7484,6
7485,5
7486,5
7487,7
7488,7
7489,6
7490,6
7491,7
7492,7
7493,7
7494,6
7495,6
7496,5
7497,6
7498,5
7499,6
7500,7
7501,6
7502,6
7503,7
7504,6
7505,7
7506,7
7507,6
7508,6
7509,6
7510,6
7511,5
7512,6
7513,6
7514,6
7515,6
7516,6
7517,6
7518,6
7519,6
7520,6
7521,6
7522,5
7523,6
7524,6
7525,6
7526,6
7527,6
7528,6
7529,6
7530,7
7531,5
7532,5
7533,6
7534,5
7535,7
7536,6
7537,6
7538,7
7539,7
7540,6
7541,6
7542,6
7543,6
7544,7
7545,7
7546,6
7547,7
7548,7
7549,7
7550,6
7551,6
7552,6
7553,6
7554,6
7555,7
7556,6
7557,6
7558,6
7559,5
7560,6
7561,5
7562,5
7563,6
7564,5
7565,7
7566,6
7567,6
7568,7
7569,7
7570,7
7571,6
7572,6
7573,7
7574,7
7575,6
7576,6
7577,7
7578,6
7579,7
7580,6
7581,6
7582,6
7583,6
7584,7
7585,6
7586,6
7587,6
7588,6
7589,5
7590,7
7591,7
7592,7
7593,6
7594,7
7595,6
7596,6
7597,5
7598,6
7599,7
7600,7
7601,6
7602,6
7603,6
7604,5
7605,6
7606,6
7607,7
7608,7
7609,7
7610,6
7611,5
7612,6
7613,5
7614,6
7615,6
7616,7
7617,6
7618,7
7619,7
7620,6
7621,6
7622,5
7623,5
7624,6
7625,6
7626,7
7627,6
7628,7
7629,7
7630,6
7631,6
7632,6
7633,6
7634,6
7635,6
7636,7
7637,7
7638,6
7639,6
7640,5
7641,6
7642,6
7643,6
7644,5
7645,6
7646,6
7647,6
7648,4
7649,6
7650,7
7651,4
7652,4
7653,6
7654,7
7655,5
7656,6
7657,6
7658,5
7659,7
7660,7
7661,6
7662,6
7663,6
7664,6
7665,6
7666,6
7667,7
7668,7
7669,7
7670,7
7671,6
7672,6
7673,6
7674,5
7675,7
7676,6
7677,7
7678,6
7679,7
7680,7
7681,6
7682,6
7683,7
7684,6
7685,7
7686,6
7687,6
7688,6
7689,7
7690,7
7691,6
7692,6
7693,7
7694,6
7695,6
7696,6
7697,6
7698,6
7699,7
7700,6
7701,6
7702,6
7703,5
7704,5
7705,6
7706,4
7707,6
7708,5
7709,5
7710,7
7711,5
7712,6
7713,6
7714,6
7715,6
7716,6
7717,6
7718,6
7719,5
7720,7
7721,6
7722,5
7723,6
7724,6
7725,6
7726,6
7727,6
7728,6
7729,5
7730,5
7731,6
7732,6
7733,6
7734,7
7735,7
7736,6
7737,6
7738,6
7739,5
7740,6
7741,6
7742,6
7743,6
7744,6
7745,7
7746,7
7747,6
7748,6
7749,6
7750,5
7751,6
7752,6
7753,6
7754,6
7755,6
7756,7
7757,7
7758,6
7759,6
7760,7
7761,7
7762,7
7763,7
7764,7
7765,7
7766,6
7767,6
7768,6
7769,6
7770,5
7771,6
7772,6
7773,6
7774,7
7775,7
7776,7
7777,6
7778,5
7779,5
7780,4
7781,6
7782,6
7783,6
7784,6
7785,6
7786,6
7787,5
7788,5
7789,6
7790,5
7791,6
7792,6
7793,6
7794,6
7795,7
7796,6
7797,5
7798,4
7799,4
7800,5
7801,6
7802,6
7803,6
7804,6
7805,7
7806,6
7807,5
7808,6
7809,6
7810,5
7811,4
7812,5
7813,6
7814,5
7815,6
7816,5
7817,6
7818,6
7819,5
7820,5
7821,5
7822,6
7823,6
7824,5
7825,6
7826,5
7827,6
7828,6
7829,5
7830,7
7831,6
7832,6
7833,7
7834,6
7835,7
7836,6
7837,5
7838,5
7839,6
7840,7
7841,6
7842,6
7843,7
7844,7
7845,7
7846,6
7847,6
7848,6
7849,7
7850,6
7851,6
7852,6
7853,6
7854,5
7855,6
7856,5
7857,7
7858,6
7859,5
7860,7
7861,6
7862,6
7863,7
7864,6
7865,6
7866,6
7867,6
7868,6
7869,6
7870,5
7871,6
7872,6
7873,5
7874,6
7875,6
7876,6
7877,6
7878,6
7879,5
7880,6
7881,6
7882,6
7883,5
7884,6
7885,6
7886,7
7887,6
7888,5
7889,5
7890,5
7891,5
7892,5
7893,6
7894,6
7895,7
7896,6
7897,5
7898,6
7899,6
7900,6
7901,7
7902,7
7903,7
7904,7
7905,7
7906,6
7907,6
7908,6
7909,5
7910,5
7911,6
7912,7
7913,6
7914,7
7915,7
7916,5
7917,6
7918,6
7919,6
7920,5
7921,5
7922,6
7923,6
7924,7
7925,7
7926,5
7927,6
7928,6
7929,6
7930,5
7931,7
7932,7
7933,7
7934,7
7935,6
7936,7
7937,6
7938,7
7939,6
7940,6
7941,6
7942,6
7943,6
7944,6
7945,7
7946,6
7947,7
7948,7
7949,7
7950,6
7951,6
7952,6
7953,6
7954,6
7955,6
7956,6
7957,5
7958,5
7959,6
7960,7
7961,6
7962,6
7963,6
7964,6
7965,7
7966,6
7967,7
7968,7
7969,7
7970,6
7971,5
7972,5
7973,7
7974,6
7975,6
7976,7
7977,6
7978,5
7979,5
7980,6
7981,5
7982,5
7983,7
7984,6
7985,7
7986,6
7987,6
7988,6
7989,6
7990,6
7991,6
7992,6
7993,6
7994,7
7995,6
7996,7
7997,5
7998,5
7999,5
8000,5
8001,7
8002,7
8003,6
8004,6
8005,6
8006,7
8007,5
8008,5
8009,5
8010,6
8011,5
8012,6
8013,5
8014,6
8015,6
8016,6
8017,6
8018,6
8019,7
8020,6
8021,5
8022,5
8023,5
8024,6
8025,6
8026,6
8027,6
8028,6
8029,7
8030,7
8031,6
8032,6
8033,6
8034,6
8035,7
8036,6
8037,6
8038,6
8039,6
8040,7
8041,6
8042,6
8043,7
8044,6
8045,6
8046,7
8047,6
8048,6
8049,6
8050,7
8051,6
8052,6
8053,6
8054,6
8055,7
8056,5
8057,5
8058,7
8059,5
8060,7
8061,6
8062,6
8063,6
8064,5
8065,6
8066,7
8067,7
8068,6
8069,7
8070,5
8071,5
8072,5
8073,6
8074,6
8075,6
8076,6
8077,4
8078,6
8079,5
8080,6
8081,5
8082,5
8083,6
8084,5
8085,6
8086,7
8087,6
8088,6
8089,6
8090,6
8091,5
8092,5
8093,7
8094,7
8095,6
8096,6
8097,5
8098,6
8099,6
8100,6
8101,5
8102,5
8103,6
8104,7
8105,5
8106,6
8107,5
8108,6
8109,6
8110,6
8111,6
8112,5
8113,6
8114,6
8115,5
8116,7
8117,5
8118,6
8119,6
8120,5
8121,5
8122,5
8123,5
8124,6
8125,6
8126,6
8127,6
8128,6
8129,6
8130,6
8131,6
8132,5
8133,6
8134,6
8135,6
8136,7
8137,5
8138,6
8139,6
8140,7
8141,6
8142,6
8143,6
8144,6
8145,7
8146,6
8147,5
8148,6
8149,5
8150,6
8151,6
8152,5
8153,7
8154,7
8155,6
8156,6
8157,6
8158,6
8159,7
8160,6
8161,6
8162,5
8163,6
8164,7
8165,6
8166,6
8167,6
8168,7
8169,7
8170,6
8171,6
8172,6
8173,6
8174,7
8175,6
8176,7
8177,6
8178,5
8179,6
8180,6
8181,6
8182,6
8183,6
8184,6
8185,6
8186,6
8187,6
8188,5
8189,5
8190,6
8191,6
8192,5
8193,6
8194,6
8195,7
8196,6
8197,5
8198,6
8199,5
8200,6
8201,5
8202,5
8203,6
8204,7
8205,5
8206,6
8207,5
8208,6
8209,6
8210,5
8211,5
8212,5
8213,5
8214,5
8215,5
8216,4
8217,6
8218,6
8219,5
8220,5
8221,6
8222,5
8223,5
8224,5
8225,5
8226,6
8227,6
8228,6
8229,6
8230,6
8231,6
8232,6
8233,6
8234,6
8235,6
8236,7
8237,5
8238,6
8239,6
8240,7
8241,6
8242,6
8243,6
8244,6
8245,7
8246,6
8247,5
8248,6
8249,5
8250,6
8251,6
8252,6
8253,7
8254,7
8255,6
8256,6
8257,6
8258,6
8259,7
8260,6
8261,5
8262,5
8263,6
8264,7
8265,6
8266,6
8267,6
8268,7
8269,7
8270,6
8271,6
8272,6
8273,6
8274,7
8275,6
8276,7
8277,6
8278,5
8279,6
8280,6
8281,5
8282,6
8283,6
8284,6
8285,6
8286,6
8287,6
8288,5
8289,5
8290,6
8291,5
8292,5
8293,6
8294,6
8295,7
8296,6
8297,5
8298,6
8299,5
8300,6
8301,6
8302,6
8303,6
8304,7
8305,6
8306,7
8307,7
8308,6
8309,6
8310,6
8311,5
8312,7
8313,6
8314,6
8315,6
8316,7
8317,6
8318,6
8319,6
8320,6
8321,6
8322,6
8323,6
8324,6
8325,6
8326,7
8327,6
8328,6
8329,6
8330,7
8331,6
8332,6
8333,6
8334,7
8335,6
8336,6
8337,6
8338,7
8339,6
8340,7
8341,6
8342,6
8343,7
8344,6
8345,6
8346,6
8347,6
8348,7
8349,6
8350,7
8351,7
8352,7
8353,6
8354,5
8355,6
8356,6
8357,6
8358,6
8359,6
8360,7
8361,7
8362,7
8363,7
8364,6
8365,4
8366,6
8367,6
8368,7
8369,7
8370,6
8371,5
8372,5
8373,7
8374,7
8375,6
8376,6
8377,6
8378,6
8379,5
8380,6
8381,7
8382,7
8383,6
8384,6
8385,6
8386,7
8387,6
8388,7
8389,4
8390,6
8391,6
8392,6
8393,6
8394,5
8395,6
8396,6
8397,6
8398,5
8399,7
8400,6
8401,7
8402,7
8403,6
8404,6
8405,7
8406,6
8407,5
8408,7
8409,6
8410,6
8411,5
8412,5
8413,6
8414,7
8415,6
8416,5
8417,6
8418,7
8419,6
8420,6
8421,7
8422,6
8423,6
8424,7
8425,6
8426,5
8427,6
8428,7
8429,6
8430,7
8431,6
8432,6
8433,6
8434,6
8435,6
8436,6
8437,6
8438,6
8439,7
8440,6
8441,6
8442,6
8443,7
8444,6
8445,6
8446,7
8447,6
8448,6
8449,6
8450,5
8451,6
8452,6
8453,6
8454,6
8455,6
8456,6
8457,4
8458,5
8459,6
8460,7
8461,6
8462,6
8463,6
8464,7
8465,7
8466,6
8467,7
8468,6
8469,7
8470,6
8471,6
8472,6
8473,7
8474,6
8475,5
8476,5
8477,6
8478,7
8479,5
8480,6
8481,6
8482,6
8483,7
8484,7
8485,7
8486,6
8487,5
8488,6
8489,6
8490,6
8491,7
8492,7
8493,6
8494,6
8495,6
8496,6
8497,7
8498,5
8499,7
8500,7
8501,6
8502,6
8503,6
8504,7
8505,7
8506,6
8507,6
8508,7
8509,6
8510,7
8511,5
8512,6
8513,6
8514,6
8515,7
8516,6
8517,6
8518,6
8519,6
8520,7
8521,6
8522,5
8523,6
8524,6
8525,7
8526,6
8527,6
8528,6
8529,6
8530,7
8531,6
8532,6
8533,6
8534,6
8535,6
8536,7
8537,6
8538,6
8539,6
8540,6
8541,5
8542,5
8543,6
8544,6
8545,7
8546,7
8547,7
8548,6
8549,6
8550,6
8551,6
8552,6
8553,7
8554,6
8555,6
8556,6
8557,6
8558,6
8559,5
8560,6
8561,6
8562,6
8563,6
8564,6
8565,7
8566,7
8567,5
8568,7
8569,6
8570,7
8571,5
8572,5
8573,6
8574,7
8575,7
8576,6
8577,6
8578,6
8579,7
8580,6
8581,6
8582,6
8583,7
8584,7
8585,6
8586,6
8587,6
8588,7
8589,6
8590,7
8591,7
8592,7
8593,6
8594,6
8595,6
8596,7
8597,5
8598,6
8599,7
8600,7
8601,6
8602,6
8603,7
8604,6
8605,6
8606,6
8607,7
8608,7
8609,7
8610,6
8611,5
8612,6
8613,6
8614,6
8615,6
8616,6
8617,7
8618,6
8619,7
8620,6
8621,6
8622,5
8623,6
8624,6
8625,6
8626,6
8627,7
8628,6
8629,7
8630,6
8631,6
8632,6
8633,7
8634,6
8635,6
8636,6
8637,7
8638,6
8639,6
8640,6
8641,6
8642,6
8643,5
8644,6
8645,5
8646,6
8647,6
8648,7
8649,6
8650,6
8651,6
8652,6
8653,7
8654,6
8655,7
8656,6
8657,6
8658,7
8659,6
8660,7
8661,6
8662,6
8663,7
8664,6
8665,7
8666,7
8667,7
8668,7
8669,7
8670,7
8671,6
8672,6
8673,7
8674,5
8675,6
8676,6
8677,6
8678,6
8679,7
8680,7
8681,6
8682,6
8683,7
8684,6
8685,7
8686,6
8687,6
8688,7
8689,6
8690,7
8691,7
8692,7
8693,6
8694,7
8695,6
8696,6
8697,6
8698,7
8699,7
8700,5
8701,6
8702,6
8703,6
8704,6
8705,6
8706,6
8707,4
8708,6
8709,5
8710,6
8711,5
8712,6
8713,6
8714,6
8715,6
8716,6
8717,6
8718,5
8719,6
8720,6
8721,6
8722,6
8723,6
8724,6
8725,6
8726,6
8727,6
8728,5
8729,6
8730,7
8731,5
8732,5
8733,7
8734,7
8735,7
8736,7
8737,5
8738,5
8739,6
8740,7
8741,6
8742,6
8743,7
8744,7
8745,7
8746,6
8747,6
8748,6
8749,6
8750,6
8751,6
8752,6
8753,6
8754,5
8755,6
8756,5
8757,6
8758,6
8759,4
8760,7
8761,6
8762,6
8763,7
8764,6
8765,7
8766,6
8767,6
8768,6
8769,6
8770,5
8771,6
8772,6
8773,6
8774,6
8775,6
8776,6
8777,6
8778,6
8779,6
8780,5
8781,6
8782,6
8783,6
8784,6
8785,6
8786,6
8787,5
8788,6
8789,5
8790,5
8791,6
8792,6
8793,6
8794,6
8795,7
8796,6
8797,5
8798,6
8799,6
8800,5
8801,6
8802,6
8803,6
8804,6
8805,5
8806,7
8807,5
8808,6
8809,6
8810,7
8811,5
8812,6
8813,6
8814,6
8815,6
8816,7
8817,6
8818,5
8819,5
8820,7
8821,6
8822,5
8823,6
8824,6
8825,6
8826,7
8827,6
8828,5
8829,5
8830,6
8831,6
8832,6
8833,6
8834,7
8835,6
8836,7
8837,6
8838,7
8839,6
8840,7
8841,6
8842,6
8843,7
8844,6
8845,6
8846,6
8847,6
8848,7
8849,6
8850,6
8851,6
8852,6
8853,7
8854,6
8855,6
8856,7
8857,6
8858,6
8859,5
8860,6
8861,6
8862,6
8863,7
8864,6
8865,7
8866,7
8867,6
8868,6
8869,7
8870,6
8871,6
8872,6
8873,6
8874,6
8875,6
8876,7
8877,6
8878,5
8879,5
8880,5
8881,6
8882,6
8883,7
8884,7
8885,7
8886,6
8887,6
8888,5
8889,5
8890,5
8891,6
8892,6
8893,6
8894,7
8895,6
8896,6
8897,6
8898,5
8899,5
8900,5
8901,6
8902,6
8903,7
8904,7
8905,7
8906,6
8907,5
8908,5
8909,5
8910,7
8911,5
8912,6
8913,6
8914,6
8915,7
8916,7
8917,5
8918,6
8919,5
8920,7
8921,5
8922,6
8923,6
8924,6
8925,7
8926,7
8927,5
8928,6
8929,5
8930,5
8931,6
8932,6
8933,7
8934,6
8935,6
8936,6
8937,6
8938,5
8939,6
8940,6
8941,6
8942,6
8943,6
8944,6
8945,7
8946,6
8947,6
8948,5
8949,7
8950,6
8951,6
8952,6
8953,7
8954,5
8955,6
8956,7
8957,7
8958,5
8959,6
8960,7
8961,7
8962,7
8963,7
8964,6
8965,5
8966,6
8967,7
8968,6
8969,7
8970,6
8971,6
8972,6
8973,6
8974,5
8975,6
8976,6
8977,5
8978,6
8979,5
8980,6
8981,6
8982,6
8983,6
8984,6
8985,7
8986,7
8987,6
8988,5
8989,6
8990,5
8991,6
8992,6
8993,6
8994,7
8995,6
8996,7
8997,6
8998,6
8999,5
9000,5
9001,6
9002,6
9003,6
9004,6
9005,6
9006,6
9007,5
9008,6
9009,6
9010,6
9011,6
9012,7
9013,6
9014,7
9015,6
9016,6
9017,6
9018,6
9019,7
9020,6
9021,6
9022,6
9023,6
9024,7
9025,6
9026,6
9027,6
9028,6
9029,7
9030,6
9031,6
9032,7
9033,6
9034,7
9035,6
9036,6
9037,6
9038,6
9039,7
9040,5
9041,6
9042,6
9043,7
9044,7
9045,6
9046,7
9047,6
9048,6
9049,6
9050,6
9051,6
9052,6
9053,6
9054,6
9055,7
9056,6
9057,5
9058,6
9059,7
9060,7
9061,6
9062,6
9063,6
9064,6
9065,7
9066,7
9067,7
9068,7
9069,7
9070,5
9071,6
9072,6
9073,7
9074,6
9075,6
9076,6
9077,6
9078,6
9079,6
9080,6
9081,6
9082,6
9083,7
9084,6
9085,6
9086,7
9087,6
9088,6
9089,6
9090,5
9091,7
9092,7
9093,6
9094,7
9095,6
9096,7
9097,6
9098,6
9099,6
9100,6
9101,5
9102,6
9103,6
9104,7
9105,6
9106,6
9107,6
9108,7
9109,6
9110,6
9111,6
9112,5
9113,7
9114,6
9115,6
9116,7
9117,7
9118,6
9119,6
9120,5
9121,6
9122,6
9123,6
9124,6
9125,6
9126,6
9127,6
9128,6
9129,5
9130,6
9131,7
9132,6
9133,6
9134,6
9135,5
9136,7
9137,6
9138,6
9139,7
9140,6
9141,6
9142,6
9143,6
9144,6
9145,7
9146,7
9147,6
9148,7
9149,6
9150,6
9151,6
9152,6
9153,7
9154,7
9155,6
9156,6
9157,7
9158,6
9159,7
9160,6
9161,5
9162,6
9163,6
9164,7
9165,7
9166,6
9167,5
9168,7
9169,7
9170,7
9171,6
9172,6
9173,6
9174,7
9175,6
9176,7
9177,6
9178,6
9179,6
9180,7
9181,6
9182,6
9183,7
9184,6
9185,6
9186,6
9187,6
9188,6
9189,6
9190,7
9191,5
9192,6
9193,6
9194,6
9195,7
9196,6
9197,6
9198,6
9199,6
9200,6
9201,6
9202,6
9203,6
9204,7
9205,6
9206,6
9207,6
9208,7
9209,6
9210,6
9211,5
9212,5
9213,6
9214,6
9215,6
9216,6
9217,6
9218,6
9219,5
9220,6
9221,6
9222,5
9223,6
9224,6
9225,6
9226,6
9227,6
9228,6
9229,6
9230,6
9231,6
9232,6
9233,6
9234,6
9235,5
9236,7
9237,6
9238,6
9239,7
9240,6
9241,6
9242,6
9243,6
9244,6
9245,7
9246,7
9247,6
9248,7
9249,6
9250,6
9251,6
9252,6
9253,7
9254,7
9255,6
9256,6
9257,7
9258,6
9259,7
9260,6
9261,6
9262,6
9263,6
9264,7
9265,7
9266,6
9267,5
9268,7
9269,7
9270,7
9271,6
9272,6
9273,6
9274,7
9275,6
9276,7
9277,6
9278,6
9279,6
9280,7
9281,5
9282,6
9283,7
9284,6
9285,6
9286,6
9287,6
9288,6
9289,6
9290,7
9291,5
9292,6
9293,6
9294,6
9295,7
9296,6
9297,6
9298,6
9299,6
9300,7
9301,6
9302,6
9303,7
9304,7
9305,7
9306,6
9307,5
9308,5
9309,7
9310,6
9311,6
9312,7
9313,6
9314,6
9315,7
9316,7
9317,6
9318,6
9319,6
9320,6
9321,6
9322,6
9323,6
9324,6
9325,7
9326,7
9327,6
9328,6
9329,6
9330,6
9331,6
9332,6
9333,6
9334,7
9335,6
9336,6
9337,6
9338,6
9339,6
9340,7
9341,6
9342,6
9343,7
9344,6
9345,6
9346,6
9347,7
9348,7
9349,7
9350,6
9351,7
9352,7
9353,6
9354,6
9355,7
9356,6
9357,7
9358,7
9359,6
9360,7
9361,7
9362,7
9363,7
9364,6
9365,6
9366,6
9367,6
9368,6
9369,7
9370,7
9371,6
9372,6
9373,7
9374,7
9375,7
9376,6
9377,6
9378,7
9379,5
9380,7
9381,7
9382,7
9383,7
9384,7
9385,6
9386,6
9387,7
9388,7
9389,5
9390,6
9391,6
9392,6
9393,6
9394,7
9395,6
9396,6
9397,6
9398,6
9399,7
9400,6
9401,6
9402,6
9403,6
9404,7
9405,6
9406,6
9407,6
9408,7
9409,6
9410,5
9411,6
9412,6
9413,6
9414,7
9415,6
9416,7
9417,7
9418,5
9419,7
9420,5
9421,7
9422,6
9423,6
9424,7
9425,6
9426,7
9427,7
9428,5
9429,7
9430,6
9431,6
9432,6
9433,6
9434,5
9435,6
9436,6
9437,7
9438,6
9439,7
9440,5
9441,6
9442,6
9443,6
9444,5
9445,6
9446,6
9447,7
9448,7
9449,6
9450,6
9451,7
9452,7
9453,6
9454,6
9455,6
9456,6
9457,5
9458,5
9459,6
9460,4
9461,6
9462,6
9463,6
9464,6
9465,7
9466,6
9467,7
9468,7
9469,6
9470,7
9471,7
9472,7
9473,7
9474,6
9475,6
9476,6
9477,6
9478,6
9479,7
9480,6
9481,6
9482,6
9483,7
9484,6
9485,7
9486,6
9487,6
9488,7
9489,6
9490,7
9491,7
9492,7
9493,7
9494,7
9495,7
9496,6
9497,7
9498,6
9499,6
9500,6
9501,6
9502,6
9503,7
9504,7
9505,7
9506,7
9507,6
9508,6
9509,7
9510,6
9511,6
9512,7
9513,6
9514,6
9515,6
9516,7
9517,7
9518,6
9519,6
9520,6
9521,6
9522,6
9523,6
9524,6
9525,6
9526,7
9527,7
9528,6
9529,6
9530,6
9531,6
9532,6
9533,6
9534,6
9535,6
9536,7
9537,6
9538,6
9539,6
9540,7
9541,7
9542,7
9543,6
9544,7
9545,7
9546,7
9547,7
9548,6
9549,7
9550,7
9551,6
9552,6
9553,6
9554,6
9555,6
9556,6
9557,7
9558,6
9559,7
9560,7
9561,6
9562,6
9563,6
9564,6
9565,7
9566,6
9567,6
9568,7
9569,7
9570,6
9571,7
9572,7
9573,7
9574,5
9575,7
9576,7
9577,7
9578,7
9579,6
9580,6
9581,6
9582,6
9583,7
9584,7
9585,7
9586,7
9587,7
9588,7
9589,6
9590,7
9591,7
9592,7
9593,5
9594,7
9595,7
9596,7
9597,5
9598,5
9599,6
9600,7
9601,6
9602,6
9603,6
9604,6
9605,6
9606,6
9607,7
9608,7
9609,6
9610,6
9611,6
9612,7
9613,6
9614,6
9615,6
9616,6
9617,6
9618,6
9619,6
9620,6
9621,5
9622,6
9623,6
9624,6
9625,6
9626,6
9627,6
9628,6
9629,6
9630,7
9631,5
9632,5
9633,7
9634,6
9635,5
9636,6
9637,7
9638,7
9639,7
9640,6
9641,6
9642,6
9643,6
9644,6
9645,6
9646,6
9647,6
9648,7
9649,7
9650,6
9651,6
9652,6
9653,7
9654,7
9655,6
9656,7
9657,6
9658,7
9659,7
9660,6
9661,6
9662,6
9663,7
9664,6
9665,7
9666,6
9667,6
9668,6
9669,7
9670,7
9671,7
9672,7
9673,7
9674,6
9675,7
9676,6
9677,7
9678,6
9679,6
9680,7
9681,6
9682,6
9683,7
9684,7
9685,6
9686,6
9687,7
9688,7
9689,6
9690,6
9691,6
9692,6
9693,7
9694,7
9695,7
9696,7
9697,6
9698,6
9699,7
9700,6
9701,7
9702,7
9703,6
9704,6
9705,7
9706,6
9707,6
9708,6
9709,4
9710,6
9711,6
9712,7
9713,6
9714,6
9715,6
9716,6
9717,6
9718,6
9719,6
9720,6
9721,6
9722,6
9723,6
9724,6
9725,6
9726,6
9727,6
9728,6
9729,6
9730,6
9731,7
9732,7
9733,7
9734,7
9735,7
9736,7
9737,7
9738,6
9739,7
9740,6
9741,6
9742,6
9743,5
9744,7
9745,7
9746,7
9747,7
9748,6
9749,7
9750,6
9751,7
9752,7
9753,7
9754,6
9755,6
9756,7
9757,6
9758,6
9759,6
9760,7
9761,6
9762,6
9763,7
9764,7
9765,5
9766,7
9767,7
9768,7
9769,7
9770,6
9771,6
9772,6
9773,7
9774,6
9775,6
9776,6
9777,6
9778,5
9779,6
9780,4
9781,6
9782,6
9783,7
9784,7
9785,7
9786,6
9787,6
9788,6
9789,5
9790,5
9791,6
9792,6
9793,7
9794,6
9795,6
9796,5
9797,6
9798,6
9799,6
9800,6
9801,7
9802,7
9803,6
9804,6
9805,7
9806,7
9807,6
9808,6
9809,6
9810,6
9811,5
9812,6
9813,6
9814,6
9815,7
9816,7
9817,6
9818,6
9819,6
9820,6
9821,6
9822,6
9823,6
9824,6
9825,7
9826,7
9827,6
9828,6
9829,6
9830,6
9831,7
9832,7
9833,7
9834,7
9835,7
9836,6
9837,6
9838,5
9839,7
9840,6
9841,7
9842,7
9843,6
9844,7
9845,7
9846,7
9847,6
9848,6
9849,7
9850,6
9851,7
9852,7
9853,7
9854,6
9855,6
9856,6
9857,6
9858,6
9859,6
9860,7
9861,7
9862,7
9863,6
9864,7
9865,7
9866,7
9867,6
9868,6
9869,7
9870,6
9871,6
9872,6
9873,6
9874,6
9875,7
9876,6
9877,6
9878,6
9879,6
9880,6
9881,6
9882,6
9883,6
9884,6
9885,6
9886,6
9887,6
9888,5
9889,6
9890,5
9891,7
9892,7
9893,7
9894,6
9895,6
9896,7
9897,6
9898,6
9899,5
9900,5
9901,7
9902,7
9903,7
9904,6
9905,7
9906,7
9907,6
9908,6
9909,5
9910,6
9911,5
9912,6
9913,6
9914,6
9915,7
9916,7
9917,6
9918,6
9919,6
9920,6
9921,6
9922,6
9923,6
9924,6
9925,7
9926,7
9927,6
9928,6
9929,6
9930,7
9931,6
9932,6
9933,7
9934,7
9935,6
9936,6
9937,6
9938,6
9939,7
9940,5
9941,6
9942,6
9943,7
9944,7
9945,7
9946,7
9947,6
9948,6
9949,6
9950,7
9951,6
9952,6
9953,7
9954,6
9955,6
9956,7
9957,7
9958,6
9959,7
9960,7
9961,6
9962,6
9963,7
9964,7
9965,7
9966,7
9967,7
9968,7
9969,7
9970,5
9971,7
9972,7
9973,6
9974,6
9975,6
9976,7
9977,5
9978,5
9979,5
9980,6
9981,6
9982,6
9983,6
9984,6
9985,6
9986,7
9987,6
9988,6
9989,6
9990,6
9991,6
9992,6
9993,7
9994,7
9995,6
9996,7
9997,5
9998,6
9999,4
